intercept,layer,node,node_0,node_1,node_2,node_3,node_4,node_5,node_6,node_7,node_8,node_9,node_10,node_11,node_12,node_13,node_14,node_15,node_16,node_17,node_18,node_19,node_20,node_21,node_22,node_23,node_24,node_25,node_26,node_27,node_28,node_29,node_30,node_31,node_32,node_33,node_34,node_35,node_36,node_37,node_38,node_39,node_40,node_41,node_42,node_43,node_44,node_45,node_46,node_47,node_48,node_49,node_50,node_51,node_52,node_53,node_54,node_55,node_56,node_57,node_58,node_59,node_60,node_61,node_62,node_63,node_64,node_65,node_66,node_67,node_68,node_69,node_70,node_71,node_72,node_73,node_74,node_75,node_76,node_77,node_78,node_79,node_80,node_81,node_82,node_83,node_84,node_85,node_86,node_87,node_88,node_89,node_90,node_91,node_92,node_93,node_94,node_95,node_96,node_97,node_98,node_99
0.13938934643582437,0,0,-0.025084702951596673,-0.0726694764567976,0.3182764119608198,0.15666077068404594,0.39383542773208474,-0.114574265775111,0.016132480079697788,-0.21599909248258845,0.23143411362861577,-0.17158354777272877,-0.11813731579451352,-0.16853912075107338,0.12393537198989875,-0.030641369993774207,-0.017657400499603904,-0.059683791982028035,-0.17236265716779656,-0.04657702508086935,0.191717599094364,-0.2436365249103461,-0.028002029918415956,-0.02272727128891688,0.08078501593883985,-0.1317652091373565,0.27475707925306586,,,,,,,,,,,,,,,,,,,,,,,,,,,,,,,,,,,,,,,,,,,,,,,,,,,,,,,,,,,,,,,,,,,,,,,,,,,
-0.0824426153808619,0,1,0.23169823104650603,-0.004867435653986261,0.07791183388780008,0.04363197441985321,0.1465408531454972,0.02842258891348017,0.23303499003752612,-0.17138906428393813,-0.1446265979329171,0.07299055408736725,0.20672383925269167,0.09339786484679137,0.05207226342656106,-0.20529888633627694,-0.09741236431151341,0.0744710100374955,0.0737049094135516,0.15064914639148078,-0.13687459374273145,0.02300223973395437,0.058395272415356025,0.0018837951521761672,-0.0061649063459167965,-0.01401398333325295,0.004783067933371667,,,,,,,,,,,,,,,,,,,,,,,,,,,,,,,,,,,,,,,,,,,,,,,,,,,,,,,,,,,,,,,,,,,,,,,,,,,
-0.07028633345292427,0,2,-0.40528513749747497,0.15266830303796466,0.12252301515305773,0.2659096957038563,-0.21822684210870513,-0.012416928190543786,-0.3951645869515324,0.15618713791180827,0.16438741591108563,-0.3343437933973282,0.07580842200797264,-0.2778390546644557,0.15439139574389474,0.011105684953829145,0.09035359099381032,0.09403286918652917,0.2038632994494917,0.114284732472096,0.1722810224764655,0.22805200762262862,-0.08947752081325663,0.1439747806214435,0.07059914675166482,0.10638913014088629,-0.19450534816760426,,,,,,,,,,,,,,,,,,,,,,,,,,,,,,,,,,,,,,,,,,,,,,,,,,,,,,,,,,,,,,,,,,,,,,,,,,,
-0.052978797040584766,0,3,0.1099250987490571,-0.2147345038248352,0.14953896353795845,-0.18113536283169254,0.17020167378252377,0.12219163299218251,0.5294724039236647,0.06700910621626893,0.12841303844930918,0.14756312087885282,0.6587183058328631,-0.006395880757724137,-0.015915813438805982,0.5653700543238894,-0.08230723897347808,-0.005663514083486712,-0.3808539576629569,0.012473458583543847,-0.1226695045174272,0.0006659753238521687,-0.15750758255545538,0.18416053149877087,-0.3816289883112982,-0.021119116146640467,0.20766191629714986,,,,,,,,,,,,,,,,,,,,,,,,,,,,,,,,,,,,,,,,,,,,,,,,,,,,,,,,,,,,,,,,,,,,,,,,,,,
0.16778494365102142,0,4,-0.13794441090598286,0.17066337162839804,-0.17409927234382425,-0.23924672487143078,-0.17329875127391128,-0.12127556916227457,-0.046575671058867806,-0.12990729142216012,-0.1259716821488784,0.12302738777756685,0.09957070560725863,0.20129102595932627,-0.10187898404420877,-0.08659093562548793,0.06995759728875146,-0.16399608031043722,-0.1761286282817427,-0.3505140342480308,-0.06453083185081863,-0.15364605835268513,0.014348040985653995,-0.11949264654036294,0.22292968986347414,0.038862935530074895,-0.08781990249855681,,,,,,,,,,,,,,,,,,,,,,,,,,,,,,,,,,,,,,,,,,,,,,,,,,,,,,,,,,,,,,,,,,,,,,,,,,,
0.12269290861156067,0,5,-0.13202956055334616,0.0589056819001692,-0.09078488492503071,-0.2535151347132656,-0.06376208292506987,-0.07613389134524011,0.24613909418885624,-0.12263196008057704,0.03718062127802338,0.02255638218337025,-0.0713690341325385,-0.004425495788032397,-0.04481755560024536,-0.06775515941576957,0.21774025397447505,-0.004535985042563863,0.05663770652783956,0.08044785779670284,-0.1590986900719732,-0.002104702220045508,0.09072676652579524,-0.25862828993253767,-0.16874751998625323,-0.029887366040185583,-0.11041828505651373,,,,,,,,,,,,,,,,,,,,,,,,,,,,,,,,,,,,,,,,,,,,,,,,,,,,,,,,,,,,,,,,,,,,,,,,,,,
-0.05810122826053317,0,6,-0.10666745265722691,-0.12835106802360735,0.0006430451113861819,-0.13680435898549814,-0.13659691712532163,0.02076854221812603,0.1424417892121995,0.11008587948685898,-0.1106086613747379,0.3128331774120094,-0.09586116747641166,0.1506889053322605,-0.051008197633985355,0.11574889874073012,0.11252382838131646,-0.06906162766731398,-0.18436172913907964,-0.07382138959424746,-0.32711497565984315,-0.07577574256545862,0.29950021873877736,0.09164206992177626,0.1933390352767427,0.2213400363845212,0.15586732225795855,,,,,,,,,,,,,,,,,,,,,,,,,,,,,,,,,,,,,,,,,,,,,,,,,,,,,,,,,,,,,,,,,,,,,,,,,,,
-0.2513419190309487,0,7,0.011741427153662162,0.16290678197528502,0.08195263694395463,-0.04110744988014976,0.01187224945669053,0.02539872619555113,0.015113383773141177,0.0028412259517625505,-0.10948165153387032,-0.357948130834439,-0.038990678656815235,-0.048008831821385364,0.20632307946594064,-0.13300143395688493,-0.0833129926100524,0.10471749893687991,0.45095928134488417,-0.07983218317524568,0.2547721743362051,0.21551830591540277,-0.31416184167986927,0.23482584936231943,-0.08732371610054376,0.12442695299148605,0.3508030888945495,,,,,,,,,,,,,,,,,,,,,,,,,,,,,,,,,,,,,,,,,,,,,,,,,,,,,,,,,,,,,,,,,,,,,,,,,,,
0.058551509399894314,0,8,-0.08175524994271126,0.08395257349881446,0.15227471981188653,0.09092134724336592,-0.3830521992273929,0.044415244851154445,-0.08381575862389172,-0.21539914877968555,-0.09135094785047355,0.08024165040959706,-0.0982765954158403,0.16927696866841224,-0.36198319828695735,-0.03748462883006274,-0.4819058605132449,-0.009346260762533708,-0.22742893766117395,-0.04463500559680011,-0.5175473101742177,-0.2772374183862788,0.07951152161671275,-0.021794499794564715,-0.04637091954711834,-0.188009317776647,-0.1567808501889222,,,,,,,,,,,,,,,,,,,,,,,,,,,,,,,,,,,,,,,,,,,,,,,,,,,,,,,,,,,,,,,,,,,,,,,,,,,
-0.32841850931816163,0,9,-0.0269907646762071,0.1757223874206995,0.19857159694737614,-0.1248145480891151,-0.05858077653483658,-0.011016700792913545,0.06794740972064268,0.06463769986000618,0.019565775691797054,-0.36788317467784337,0.0173964350101279,0.12576866133292633,0.200555002235214,-0.048458601024804836,-0.15447335615678842,0.11268374818449456,-0.17929466921484172,0.03984188681718328,0.06554303873717597,-0.03709162789634521,-0.23336217702394094,-0.22669443327440927,0.11781141573822604,0.10833240110851701,-0.1466389027944077,,,,,,,,,,,,,,,,,,,,,,,,,,,,,,,,,,,,,,,,,,,,,,,,,,,,,,,,,,,,,,,,,,,,,,,,,,,
-0.14985939732991105,0,10,-0.018816677284981438,-0.04500347808915911,-0.2171986711509403,0.19475770789415053,-0.105587791510686,0.12650176087727802,-0.06004930660089246,-0.05780425157151418,-0.3051114654164897,-0.05845390828075631,-0.02310600732547727,-0.10763383495927716,-0.01000790758942105,-0.16566114981720673,0.007915457948019169,-0.08052350329325325,0.2940868637515459,-0.011323976527059255,0.057670351446753976,0.01857412564671335,0.028234618953412415,0.38788104964290476,0.0900310316949932,0.014387270319639864,0.10407519043636963,,,,,,,,,,,,,,,,,,,,,,,,,,,,,,,,,,,,,,,,,,,,,,,,,,,,,,,,,,,,,,,,,,,,,,,,,,,
-0.23596839324033264,0,11,0.10207246550028529,-0.08947340702336089,0.11320629201052622,0.17247579541804808,0.06934816523504476,0.01465293037601323,0.2913370102926632,-0.09049255030990756,-0.16227376168095395,-0.25524380183082523,-0.051792252035058856,-0.06411804268068712,-0.09055521965293047,-0.15133200528741617,-0.12756434352805096,0.0627002282852454,0.16558602965057262,-0.016182195403641797,0.22236962961532145,-0.06281991216654055,0.015796483798755784,-0.09734457141826003,0.08546573717700903,0.1698190384778169,0.2147243786612946,,,,,,,,,,,,,,,,,,,,,,,,,,,,,,,,,,,,,,,,,,,,,,,,,,,,,,,,,,,,,,,,,,,,,,,,,,,
0.2852768382634781,0,12,-0.1102825276927363,0.1917834805171087,-0.2015063009131915,-0.30785292629554867,-0.03494523128064734,-0.2898478885275017,0.1678581077194954,-0.15206738763950095,0.03270081678312587,0.18872410891019756,0.19992211523698422,0.09302283839324094,-0.11515609011267332,-0.07973901179612507,0.12204678103433944,0.2072527155016588,-0.2209077388392067,0.030467509347867506,-0.15533320939656334,-0.15871775413802594,0.09978384027115417,-0.05142833696388175,-0.005159420158536809,0.004914641550468593,-0.14467466889185532,,,,,,,,,,,,,,,,,,,,,,,,,,,,,,,,,,,,,,,,,,,,,,,,,,,,,,,,,,,,,,,,,,,,,,,,,,,
0.0493237139357296,0,13,0.19851670868135124,0.0755724123676122,-0.5175593286748924,-0.32189730991173815,-0.09799384223529235,-0.14416577311348328,-0.018450813234719306,0.03501105252253269,-0.147165303084104,0.32650193748724393,0.0653394160189454,0.02088000386872175,-0.028330218786148036,-0.0625045288822488,0.1849544725286355,-0.1498414982815147,-0.2492380933025506,-0.10511042699308155,-0.29799549016099625,0.03646510552135932,-0.010774895566371168,-0.17724864566617088,0.1287136118321673,-0.1348191927431509,-0.05122367758999289,,,,,,,,,,,,,,,,,,,,,,,,,,,,,,,,,,,,,,,,,,,,,,,,,,,,,,,,,,,,,,,,,,,,,,,,,,,
-0.17835630960874396,0,14,-0.18440606897925968,-0.2300324126824337,-0.24696737630730228,-0.17483071319354523,0.07701857806684825,0.18753613626621946,-0.21676803025631045,0.19444086192603813,0.24273246588271555,0.10416701221713838,-0.2022130261722423,-0.11784826251100262,-0.15688819758021277,-0.04815999648002329,-0.1412118995933954,0.14765674258849318,0.24837116433332854,0.07027687285567132,0.17777578833976942,0.056690072848930025,-0.24754942027156512,0.19013732487666757,0.2015090735832311,-0.06699749380147363,-0.05972650175747759,,,,,,,,,,,,,,,,,,,,,,,,,,,,,,,,,,,,,,,,,,,,,,,,,,,,,,,,,,,,,,,,,,,,,,,,,,,
-0.1746251698609971,0,15,0.03052915741231914,0.09036382489809519,0.03943031702514621,0.011786255579429616,0.08869209732187858,0.04540349590833931,0.22277747472297055,0.09122699607706036,0.027049506460445145,-0.15242691300201033,-0.09188570289132733,0.06332586885435763,0.07640589268194617,0.22957306796308155,0.16289228488878008,-0.1183367602095529,-0.0355726983701916,0.1325501019703946,0.22032316600991125,-0.25178603770623187,-0.26491028340734146,-0.020937451540708592,0.04211292204274316,-0.09142190199653799,-0.1941592700454817,,,,,,,,,,,,,,,,,,,,,,,,,,,,,,,,,,,,,,,,,,,,,,,,,,,,,,,,,,,,,,,,,,,,,,,,,,,
0.19282600530725164,0,16,-0.018081250374780186,0.10084421666430922,-0.4115617135185129,-0.08636522231941395,-0.047788996695373974,-0.08636672328980084,-0.09759254327533814,0.11548075230837083,-0.11251865963996388,0.2010479203623721,-0.12124564681159092,-0.20950022536061763,-0.004406236214606433,0.016316242859036025,0.2013792138244842,-0.19490826384182852,-0.22889247011108374,-0.10377625047810282,-0.15060807125911224,-0.17484855781330993,0.012934183560169303,-0.05022481685744724,0.035775312810156404,0.1682571536006999,0.03212905197573753,,,,,,,,,,,,,,,,,,,,,,,,,,,,,,,,,,,,,,,,,,,,,,,,,,,,,,,,,,,,,,,,,,,,,,,,,,,
-0.25744532729179953,0,17,0.028946787504080494,0.1787390361882949,0.3500305400152901,-0.007289066492252877,0.22988418882489192,-0.06366889501225445,-0.035944926493189804,0.10688573471959387,-0.08214332543574483,0.05369320318402044,-0.0678568714264247,-0.05689742840684995,0.1919993828337354,0.05729878491051662,0.23082584861197064,-0.1666894997210959,0.11138201406927518,0.13114284455952735,0.22255484863851013,0.02964627364421135,-0.023785719992735647,-0.05230726899269904,-0.10918832304100728,-0.14280355769643605,-0.14001503126484116,,,,,,,,,,,,,,,,,,,,,,,,,,,,,,,,,,,,,,,,,,,,,,,,,,,,,,,,,,,,,,,,,,,,,,,,,,,
-0.07256759223583613,0,18,-0.17897743675904995,0.08978879333186986,0.11035735045700966,-0.20233981090053754,0.04379978868683481,-0.11052529034259734,-0.027962032145683744,-0.011937127626406766,-0.04717665048108736,0.0643480897820501,-0.23302575982830284,0.09769248477813931,0.18721182328790636,0.21962382333281255,-0.2516323548683983,0.18945104732822693,-0.08142594475009787,0.012947837411257906,-0.23737617126398486,-0.07286635390942585,0.23002505234309312,0.10252366705990615,-0.053708469246858064,-0.021112101625230275,-0.11272685454687083,,,,,,,,,,,,,,,,,,,,,,,,,,,,,,,,,,,,,,,,,,,,,,,,,,,,,,,,,,,,,,,,,,,,,,,,,,,
0.15723962484501605,0,19,-0.14454306527291447,-0.20576163319947635,-0.21541544371384563,0.11009967984880192,0.04882927585785003,0.13566543134537862,-0.19730798708574063,-0.17264942497159544,0.16834413098073064,0.08267564185696262,-0.04748818551456844,-0.39504117195095273,-0.24083708169067472,-0.10326368868378337,-0.13970548070242664,0.17171492987129264,-0.028013400978271204,-0.14148695235113937,0.0198560027602414,-0.05676296488898619,-0.09008862592655659,0.012402482124273959,0.014460470570487376,0.04405584573631059,0.0015862641324858747,,,,,,,,,,,,,,,,,,,,,,,,,,,,,,,,,,,,,,,,,,,,,,,,,,,,,,,,,,,,,,,,,,,,,,,,,,,
0.17968991750457391,0,20,0.08514671609218932,-0.05368439422997122,-0.4274810737064886,-0.09621071028801961,-0.22111219114974354,-0.06020502768294799,-0.11271043777375114,0.04252270918185697,0.05840379526044849,-0.08203427335519242,0.11931356227296583,-0.11963072225076317,-0.06777730340595448,0.11450698008814496,-0.1780495438335224,-0.11087400070372101,0.04605350904763532,-0.09004367741655352,-0.28167747155973655,-0.04328094131190545,0.2687186606594584,-0.19821097856229625,0.1931106590115487,-0.03787050744015036,-0.2647887877378282,,,,,,,,,,,,,,,,,,,,,,,,,,,,,,,,,,,,,,,,,,,,,,,,,,,,,,,,,,,,,,,,,,,,,,,,,,,
0.07072828636004844,0,21,0.14080992709362872,-0.2297699953976527,-0.008909777032373022,-0.048465832347842,-0.15769812248964907,-0.13032645846715965,-0.053335482736243604,0.1254049964445968,-0.14401782941226948,-0.03648397217591348,-0.192203993293362,-0.40673066962199156,-0.11333136748293604,0.17164372058547095,-0.08863822944152493,0.20500452167113656,-0.05413515461857698,-0.27617802493393845,-0.09576456268526042,0.05448426364045637,0.09862458328923801,-0.09852570256754342,-0.13546669543848486,-0.03628549773068624,-0.1956983060065457,,,,,,,,,,,,,,,,,,,,,,,,,,,,,,,,,,,,,,,,,,,,,,,,,,,,,,,,,,,,,,,,,,,,,,,,,,,
0.2671829714922588,0,22,-0.07834453042806201,-0.15126165766157934,-0.20505795802962823,-0.1467486532821253,-0.13450073554239247,0.07101145218988346,-0.13228055152344304,0.009267884477054796,0.06659362015832102,-0.05543918878445266,0.028625451649665935,0.22162177044400136,0.05547891891615945,0.18240159861436686,-0.2050209916497307,0.138256005782758,-0.04927602700963153,0.011745944201552217,0.15121527454016898,-0.029592942982570886,0.20685442795143436,0.05526214662834167,0.10265815471752354,0.12848657305808678,-0.13708983360990692,,,,,,,,,,,,,,,,,,,,,,,,,,,,,,,,,,,,,,,,,,,,,,,,,,,,,,,,,,,,,,,,,,,,,,,,,,,
-0.06018651307608756,0,23,0.1071548154671732,-0.15905383329147005,-0.15983271393033635,-0.17638077886546333,-0.240688633944916,0.10176700053250395,-0.026190052142573136,0.04754160016294479,-0.127360329408464,0.1751134526080121,0.17231751548686927,0.08313962803649058,0.10953983042360958,-0.2300081030899287,-0.08335930160800975,-0.1201333089639707,0.08889648347336544,0.11170029849392386,-0.10628493863139636,-0.19340593440335982,0.2925872676196971,0.07868427561523576,0.06501117306900697,-0.027182110474792666,-0.09977634199028101,,,,,,,,,,,,,,,,,,,,,,,,,,,,,,,,,,,,,,,,,,,,,,,,,,,,,,,,,,,,,,,,,,,,,,,,,,,
0.21129694987720732,0,24,0.1633118925266929,0.16003289581249477,-0.2156517519090585,-0.2327949570326593,-0.26415526084743546,-0.09777777493269496,0.09477612567557328,0.002968463247036146,-0.028825928453547457,0.11168183872319218,-0.0017796858794731293,-0.17931327581253276,0.024734995633895456,-0.05574501210364111,0.017850815521130797,-0.015490715943974914,-0.333779503951365,-0.09179056714421964,-0.1784164465252472,-0.09662955157625,0.08528451315414565,-0.20546098889891568,0.050644862372125926,-0.03788373824029614,-0.12619026888352453,,,,,,,,,,,,,,,,,,,,,,,,,,,,,,,,,,,,,,,,,,,,,,,,,,,,,,,,,,,,,,,,,,,,,,,,,,,
0.11566462325571628,0,25,0.2303944788480846,-0.04598880668106718,0.4107032518335529,-0.00045718317816866244,-0.028645038409488233,-0.1466976438270724,-0.20739686732652424,0.11325175532840796,-0.11921578705697039,-0.08714303653644379,-0.3520366727012093,0.17631437847064166,-0.10927294497383368,-0.2705491893699424,0.1937207057410184,0.05549062562416665,0.3213803465186668,-0.19710565144700817,-0.11280999669377585,-0.16271661967433926,-0.053042009991793114,0.04105010661183401,-0.0865928941525733,-0.08887206384164878,0.24238215710151886,,,,,,,,,,,,,,,,,,,,,,,,,,,,,,,,,,,,,,,,,,,,,,,,,,,,,,,,,,,,,,,,,,,,,,,,,,,
-0.06199958744574456,0,26,-0.2106064259043106,0.10733483781453021,0.11125944537569776,-0.18394168280016235,-0.30762976830388067,-0.2673763272554182,0.14467642093694028,0.03161175388768513,-0.005534158749003478,0.24685078572783012,0.132799722137807,-0.027709088140849634,0.0035037060411343382,0.17787383170705398,-0.009788429467044986,0.04286512512217382,-0.1851455062317987,0.07681174054018676,-0.36748768946862764,0.10572655847511712,0.1674738905529635,0.1490230834368899,-0.19398632789076067,-0.010569797956443607,-0.18542452186207595,,,,,,,,,,,,,,,,,,,,,,,,,,,,,,,,,,,,,,,,,,,,,,,,,,,,,,,,,,,,,,,,,,,,,,,,,,,
-0.03850653093512861,0,27,-0.2647415424588298,0.12787282444354245,0.09058804504417582,-0.06819615602532761,-0.07797456660285178,-0.3028177047893436,0.08691718814293035,-0.2237963888863564,-0.20746481964876215,0.08469985121944551,0.044595448237403315,0.018066566510930228,0.18160616646118158,-0.06472703514947357,-0.0839265654437382,-0.1287685610429282,0.0008623333837768542,-0.13466314123242037,-0.16818330679766522,-0.14644421808982958,0.07914224283042552,0.21441645858580308,-0.03072862703423491,-0.13914266166289557,-0.10261073147619185,,,,,,,,,,,,,,,,,,,,,,,,,,,,,,,,,,,,,,,,,,,,,,,,,,,,,,,,,,,,,,,,,,,,,,,,,,,
0.03257491115713606,0,28,-0.031218194287996714,-0.17549650860253146,0.25503433036237666,0.027427720562435184,0.1128370427908705,-0.03931375223684828,0.056178386001717186,-0.24005161930004842,-0.13879332332181674,-0.026469854451613328,-0.012124203533073287,0.14337005468389385,-0.1396366474124178,-0.10750279846935262,-0.09143771680232243,-0.14824296160699535,0.18647080362144808,-0.014184234622520572,-0.04278256466026416,0.27151778017020695,-0.07505961435616346,0.14637119253645073,-0.25797394465958967,-0.025741526309505883,0.0937951194705928,,,,,,,,,,,,,,,,,,,,,,,,,,,,,,,,,,,,,,,,,,,,,,,,,,,,,,,,,,,,,,,,,,,,,,,,,,,
-0.13635321973042244,0,29,0.11891970233499728,-0.05347518638066051,0.10859630747587312,0.22317563300908766,0.294975263711393,-0.07416534508080307,0.07230453659974781,0.3885805880176236,0.1797167780881044,-0.16635783473821233,0.21832529477265133,-0.17367609973451223,0.1244775599643363,-0.13008622084078078,0.03608631527188683,-0.4666932180434148,-0.01692144320770648,-0.11066056900658454,0.06743826509469926,0.09552404368078976,-0.23985838640424154,0.05928733281973533,0.03614688121427532,-0.42356412621946554,-0.11582073971761271,,,,,,,,,,,,,,,,,,,,,,,,,,,,,,,,,,,,,,,,,,,,,,,,,,,,,,,,,,,,,,,,,,,,,,,,,,,
0.18634329888531362,0,30,-0.18478270267707012,0.01593013235870632,-0.12118839251574257,-0.18661123782074587,-0.158906731636097,0.022389968908249337,-0.03401349799030724,0.012478678299937013,0.10899839580216342,-0.08296115737983453,-0.09937742021565396,-0.12107174728375113,-0.12398044249467671,-0.10600622741726126,-0.11440575456385964,0.08271281233648287,-0.13359413058099917,-0.24588851780199095,-0.21579345063526414,-0.09713683849613199,0.008617401868437742,0.042956008699393436,0.17173920868508336,0.22650071230618296,0.09376672641178516,,,,,,,,,,,,,,,,,,,,,,,,,,,,,,,,,,,,,,,,,,,,,,,,,,,,,,,,,,,,,,,,,,,,,,,,,,,
-0.38769632321135444,0,31,-0.12604143434054713,0.19511749203290002,-0.259828445837667,-0.15108796289154325,-0.03706715710808537,-0.020526969551251387,-0.054053965797178215,-0.28047895811894225,-0.046881247264798726,-0.22840845469184934,-0.25156465875757084,0.059576430826351764,0.11611125254945173,-0.18538575199199317,0.13678604671688643,0.0983014944384548,0.21630254457907527,-0.05261791266464309,-0.04622261463735814,-0.2839175332603139,-0.0759879985730078,0.25876791270045246,0.10054367421440728,0.08016321769161774,0.21898297259896904,,,,,,,,,,,,,,,,,,,,,,,,,,,,,,,,,,,,,,,,,,,,,,,,,,,,,,,,,,,,,,,,,,,,,,,,,,,
-0.2487698071672132,0,32,0.1831973657661207,0.05119689165551794,0.13158295822035407,0.08150414262789,0.2793856590866374,0.20309259127298931,0.13927541640938804,0.3423006186533526,0.11951057195534825,-0.3007084722691365,-0.0015516377578979296,-0.030811395618888394,-0.22084660062802752,-0.2931617460142479,0.11524404455814595,0.040380437691621175,0.16600877056976243,0.30568608064834507,0.24400734336517307,-0.1602630462730792,-0.03845819965222899,-0.09065572190432941,0.04651596951223287,-0.08517433309886888,-0.2415662507075683,,,,,,,,,,,,,,,,,,,,,,,,,,,,,,,,,,,,,,,,,,,,,,,,,,,,,,,,,,,,,,,,,,,,,,,,,,,
0.22131461288486337,0,33,0.013713817309317295,-0.1659085726762962,-0.3364385088848641,-0.20550271557613942,-0.031299479942013604,0.0382485228656627,-0.042943129717559085,-0.14664453909860656,-0.36317291963129106,0.03503714095524154,0.001977265762479449,0.0557674380266933,0.24127740790165772,-0.048147109747200365,0.1435837057023122,0.10536935446788764,-0.03183019723720306,-0.05375033525592989,-0.15257330428107857,-0.04197633438362335,0.2575519097615062,-0.09753363745044022,0.044749315661637465,-0.012428485141241383,-0.22366252787892268,,,,,,,,,,,,,,,,,,,,,,,,,,,,,,,,,,,,,,,,,,,,,,,,,,,,,,,,,,,,,,,,,,,,,,,,,,,
0.12551205354120684,0,34,0.08784088115474767,0.12690644725682862,0.15069136866402041,0.2317758670924147,0.3348488588691132,0.19686015923618974,0.15729231963029874,0.13107937176796156,0.015026066772798198,-0.07871011088274525,0.04312142055215615,0.06953619781828746,-0.3058729682282649,0.023359451255824285,0.15395294157250308,-0.09347164182250099,0.26411025949054406,0.24435079597224918,0.18675254151577175,0.37643268920167233,-0.0730974576280707,0.18394754975291644,-0.07907057085889249,0.0723357834765408,0.18112051133829946,,,,,,,,,,,,,,,,,,,,,,,,,,,,,,,,,,,,,,,,,,,,,,,,,,,,,,,,,,,,,,,,,,,,,,,,,,,
0.07734691105971286,0,35,-0.07672050962393434,-0.07885734628704368,-0.301935712758131,-0.24160938061706042,0.11262800395005686,0.2874896886938167,0.06036430289071879,0.2221664527773153,0.23657704067542767,0.08114020201617665,-0.08831116614849126,-0.31324210660791935,-0.22576098225527713,-0.14261641487757817,-0.05766732089496513,-0.06373113311512751,0.44737044184425834,0.1980890689679766,0.15727243863292215,0.37586741536719387,-0.22446716802300937,0.7470821565245016,-0.08953431292318059,0.13996187909085211,0.10467940283208298,,,,,,,,,,,,,,,,,,,,,,,,,,,,,,,,,,,,,,,,,,,,,,,,,,,,,,,,,,,,,,,,,,,,,,,,,,,
0.2799816449475974,0,36,0.08671485273354002,0.1333673121326684,-0.4389406359275649,-0.2992800070732911,0.016055207703163838,-0.013314130795833337,0.17014130900496666,0.1489392158504412,-0.07229420962097301,-0.06661914079649187,0.041277437740236546,0.2007329141374715,0.1964274152864231,0.01713085676617318,-0.024770020010427843,-0.07580342323553836,-0.3393055877947335,0.11338031431068112,-0.20570225013112312,-0.02694033630906328,0.1601919468716664,-0.2583464390713017,0.035150181571562356,-0.04948277723060924,-0.09713707223795758,,,,,,,,,,,,,,,,,,,,,,,,,,,,,,,,,,,,,,,,,,,,,,,,,,,,,,,,,,,,,,,,,,,,,,,,,,,
-0.27114738757869183,0,37,0.11261120706700528,-0.049429455416620964,-0.0701477878639007,0.15864638627869979,-0.2596297388964396,0.132832288544564,-0.08622348244604099,0.10023198722211231,-0.13178410269785085,-0.03212870125185584,-0.2337926244446084,0.08734174544875102,0.004192021687996092,0.13174609788813754,-0.1072789036523827,-0.042486419257408904,0.12849425242572401,0.22774394146230795,-0.13981984255372118,0.15571544270642693,-0.19322269217667778,0.004670347255179192,0.14183359882922503,0.10834177906901932,0.219912555145575,,,,,,,,,,,,,,,,,,,,,,,,,,,,,,,,,,,,,,,,,,,,,,,,,,,,,,,,,,,,,,,,,,,,,,,,,,,
-0.31560649289461035,0,38,-0.1785304116173893,0.1550313178588003,-0.08355232967115525,0.26256830808825343,0.17813469488102063,-0.3194812135135928,0.08549885273012381,0.20116098754502698,0.09016369996299027,-0.15877716217526858,-0.05107602089116924,0.14912796197283934,0.15409393511363884,-0.18083619547358248,-0.09392418922072907,-0.27086590988269366,-0.031874545670319575,-0.4277758969899688,0.17860101554042376,0.03240322132875118,-0.3654000738976017,-0.22627743277804568,0.05487226018445567,0.00488765107592131,-0.22134640322713484,,,,,,,,,,,,,,,,,,,,,,,,,,,,,,,,,,,,,,,,,,,,,,,,,,,,,,,,,,,,,,,,,,,,,,,,,,,
-0.39955794322000904,0,39,0.1478029122678551,0.11657480016400083,0.05461252736168999,0.11452526165189171,-0.005110989227948953,-0.08307128442414513,-0.08021201603250244,-0.30608426167021074,-0.05185573157631264,-0.09016973861465993,0.04432115357076605,0.030729025884761275,-0.13307844486149012,0.08881437628717499,0.2279106992528977,0.1625639365758308,0.4001126745571798,-0.23954100565010458,0.4463379060618285,0.4087686357206448,-0.03553454521001452,0.14434009664505315,-0.04355813504466675,0.19107780276341174,0.3521899012689958,,,,,,,,,,,,,,,,,,,,,,,,,,,,,,,,,,,,,,,,,,,,,,,,,,,,,,,,,,,,,,,,,,,,,,,,,,,
0.12298305381423033,0,40,0.2627511920549028,0.047740597247919875,-0.26602402177460865,-0.0073583998780138975,-0.16573628983497027,-0.27394996358318163,-0.15127641468169137,0.22546416922719031,-0.12936835128763172,-0.05134090100136826,-0.18195114061144355,-0.14435817169225945,-0.0945531141662228,-0.04050659759372908,-0.06844365064221243,-0.1020590293975424,-0.24122365743012458,-0.03745022446202451,-0.27051540434808385,-0.28045858705798377,0.06937974538462352,-0.17030015448562527,0.12951987669989437,0.10643677499647504,-0.2234579924343005,,,,,,,,,,,,,,,,,,,,,,,,,,,,,,,,,,,,,,,,,,,,,,,,,,,,,,,,,,,,,,,,,,,,,,,,,,,
0.29327804935685764,0,41,0.10407590803937748,-0.14659269429506103,0.04634661117695972,0.14297036389342452,-0.173941670474201,-0.024827730804621292,0.09064884933176058,-0.20023812608096525,-0.098740044907624,-0.05629012497682293,0.03724770753776843,6.211915475514779e-05,-0.16944146547654834,0.06536594474711925,0.1786374244618134,0.08947220362219196,-0.25347543016503143,-0.07099761237935617,-0.012820424261928013,-0.28260753968863683,0.0931895400704177,-0.030971569934074135,-0.06431230713710592,0.057880848254650695,-0.20413071925416867,,,,,,,,,,,,,,,,,,,,,,,,,,,,,,,,,,,,,,,,,,,,,,,,,,,,,,,,,,,,,,,,,,,,,,,,,,,
0.12614266072749175,0,42,-0.10034581506352852,-0.23453907884951936,-0.12364508718389612,0.021228043568573593,-0.02119145053832483,-0.12638630187998154,-0.19642250805705344,-0.13634849765864762,-0.09823503274559899,0.06758642977174133,-0.054399457886568234,-0.09272407648956056,0.014299242557147405,0.023806410612890613,0.15101454571279513,-0.22960686371344388,-0.2151210690522453,0.21051694560802273,0.2789153461816259,-0.036611148368156814,0.2172515263511385,-0.16073035072967787,-0.19917697157797112,0.1955680543036454,-0.11387101435436049,,,,,,,,,,,,,,,,,,,,,,,,,,,,,,,,,,,,,,,,,,,,,,,,,,,,,,,,,,,,,,,,,,,,,,,,,,,
0.1212141135243683,0,43,0.14060462624593037,-0.15269340663876574,0.23601019528207023,0.33208325248884074,0.15204609962353183,0.17506963941224138,0.00846937195673501,0.4818244284786933,0.28636752315533004,0.12709641784967385,0.18910499206691386,0.05980349221925584,0.14222348925914477,0.17054912696266764,0.18028722665302824,-0.14395798530448062,0.3712664215136571,0.19789362068072755,0.22865483954445456,0.020240947962922657,0.19398105929917941,0.246808619867005,-0.10595167120508803,-0.1558584799645562,0.2733038518074114,,,,,,,,,,,,,,,,,,,,,,,,,,,,,,,,,,,,,,,,,,,,,,,,,,,,,,,,,,,,,,,,,,,,,,,,,,,
-0.23646938037499404,0,44,-0.16718408976867344,-0.19920420648236856,-0.1433378044187062,-0.23333422499678128,0.15610786204290727,-0.06290357028344652,0.3647410259367792,-0.08352167611184938,0.03814271026023349,-0.2318846083802137,0.36978456113923347,0.05985914788701299,0.13640918157534035,0.13990546166208723,-0.49013809760283944,0.11659143416520899,0.029516808375122047,0.13778079600311743,-0.03366117018337835,0.1709769536937124,-0.2862746254965541,0.06327491646505734,-0.09067311665380967,0.2070688880003324,-0.03229237237561994,,,,,,,,,,,,,,,,,,,,,,,,,,,,,,,,,,,,,,,,,,,,,,,,,,,,,,,,,,,,,,,,,,,,,,,,,,,
0.2659921165105252,0,45,-0.0006398137264060812,-0.15078527814782072,-0.05158476083627266,-0.009348239851438572,0.20596741059014664,-0.3062546533428755,-0.14653209975060455,0.06519004022813497,-0.011159599486279754,0.2234876925762472,0.08566005481829822,0.09804612624209892,0.12091376170205606,0.21951751562352645,0.17253279046384917,0.15118640550492263,0.07948193926998971,-0.26617759867839313,-0.08322944355060216,-0.16169065827157272,-0.036479834522346224,-0.0859899349604288,0.010581351143241003,0.0873974336275044,0.0004352373272192987,,,,,,,,,,,,,,,,,,,,,,,,,,,,,,,,,,,,,,,,,,,,,,,,,,,,,,,,,,,,,,,,,,,,,,,,,,,
-0.2788513292331412,0,46,0.1764479287388204,-0.021021741552444587,0.00035597821174930197,0.10753792649366187,-0.007489986862920653,0.21948195945474194,0.11983757184743749,0.07715584096308097,0.05406964467168933,-0.23259137789246093,0.21346830453061164,0.08878397014390903,0.03074649886374381,0.21284394131607107,0.037979027630225905,0.14939131250794654,-0.08659471844730988,0.18052048376627813,-0.0692980727931398,0.05457446964300762,-0.21945114640359575,-0.25558451328944004,0.07427457951850236,0.10342090707450785,-0.15496089513177597,,,,,,,,,,,,,,,,,,,,,,,,,,,,,,,,,,,,,,,,,,,,,,,,,,,,,,,,,,,,,,,,,,,,,,,,,,,
-0.4691067058601433,0,47,-0.16273384134685928,0.1871430456678624,-0.38998350005818905,-0.1433260955810077,-0.18389595413279425,-0.06135363725559788,-0.2779169827026041,-0.004971716982761175,-0.08879171906103639,-0.3938667984171129,-0.15727700656714816,0.22142823366090197,0.1909977151656159,-0.2674937017362762,0.2133850271963672,0.18879316463062348,-0.0007422644690678862,0.08461806441385894,0.17598492210344568,0.05413768873675109,-0.3832614549945296,-0.2473599651794677,0.1859545153141972,0.19193568983529874,-0.045736774452817985,,,,,,,,,,,,,,,,,,,,,,,,,,,,,,,,,,,,,,,,,,,,,,,,,,,,,,,,,,,,,,,,,,,,,,,,,,,
0.0662918182060128,0,48,-0.05148306772987299,0.0359701121282336,-0.028010577332941145,0.0014405470339374834,-0.2760453991778156,0.1319832646702461,-0.030231253017298673,-0.11043014644468598,-0.07503441184291999,-0.11003202475217128,0.2764410584198081,0.07202594967957184,-0.03739954209351262,-0.07524841917725708,-0.0011598182506450925,-0.2684671917473592,0.05386549281982269,-0.08803868773623426,-0.1513631997812951,-0.11112541714190344,0.0985735611537612,-0.1676147523808049,0.1856440443178316,0.1344722621751722,-0.04008117520857186,,,,,,,,,,,,,,,,,,,,,,,,,,,,,,,,,,,,,,,,,,,,,,,,,,,,,,,,,,,,,,,,,,,,,,,,,,,
-0.10099995532117599,0,49,-0.23886908109467658,-0.12237042469713923,0.20135473807612259,-0.43430582069467877,-0.1295221507608509,-0.08683599581195073,0.2912753623966945,0.2704745106944159,-0.10104369255851765,-0.16770546285998808,0.2657332593205048,0.0015503916888571219,0.03640264458351279,0.13305108689430412,-0.16832845025989462,0.10643464164573535,0.07777675777124798,0.3027759850982829,-0.07854670658752784,0.29093715165750933,0.016905426981366548,-0.30246751454405557,-0.17634357038250942,0.0842548277991619,0.05629726584889703,,,,,,,,,,,,,,,,,,,,,,,,,,,,,,,,,,,,,,,,,,,,,,,,,,,,,,,,,,,,,,,,,,,,,,,,,,,
0.32752925208478306,0,50,-0.13532385946613687,-0.13914661394571784,-0.30836509782048294,0.007942080662796188,-0.12870178784243372,-0.17185963559261427,-0.032480779249177624,-0.0239505005962183,0.1047315303475816,0.06844924548732811,-0.0018742347239991746,0.10572869022790073,-0.18092044044070485,-0.2805960946029933,-0.09844430286390811,0.10990862858088013,-0.30659743082355834,-0.39279172319886096,-0.15891596011313674,-0.2720240115991415,0.2754747628470679,0.026658598540904355,0.12133237751560597,-0.07967667077994474,-0.10584606893303757,,,,,,,,,,,,,,,,,,,,,,,,,,,,,,,,,,,,,,,,,,,,,,,,,,,,,,,,,,,,,,,,,,,,,,,,,,,
-0.3593712418048145,0,51,0.1678728107712853,0.1805269708132879,0.27314391405949007,0.06854540665447478,0.0758379561646597,0.2723041821617692,-0.1924243504906324,-0.20312592057650186,0.04374876207650952,-0.1095949031371822,0.2302699286731052,0.12386879667990564,0.17491238545591808,-0.029954022618228972,-0.3029418304022275,0.17641813691305935,0.17150394893020426,0.12785881107721161,0.3481444833300228,0.3651878939562045,-0.1380642730395325,0.10474361546966408,0.016234825940646656,0.061077517955168456,0.27351014965087883,,,,,,,,,,,,,,,,,,,,,,,,,,,,,,,,,,,,,,,,,,,,,,,,,,,,,,,,,,,,,,,,,,,,,,,,,,,
-0.1288486265672376,0,52,-0.06265697666515437,0.060225111250017435,-0.016802885804041084,-0.12841148779340905,0.29657599565293313,0.2181942946846852,0.13506125932819127,0.4418127878857442,0.1497931608342301,-0.21581218825804527,-0.003279210073057632,0.17712573013856697,0.03526472502097512,-0.1057683597219596,-0.13992592301189943,0.060119336809072735,0.034770960321320626,0.10864192341316785,0.019602413416264775,0.31339070075067205,-0.14330219244457995,-0.026115569614582456,-0.07850459010085027,-0.16142677727930932,0.17078125529573393,,,,,,,,,,,,,,,,,,,,,,,,,,,,,,,,,,,,,,,,,,,,,,,,,,,,,,,,,,,,,,,,,,,,,,,,,,,
-0.10048909211177944,0,53,-0.10776356371491629,-0.17949697403574172,0.2071280844018143,-0.03705644903780842,0.3231678339042505,-0.12365276465781615,-0.3173026400931198,-0.0030476138099168747,-0.0751544244461856,-0.07792128244670958,-0.3911102333624989,-0.13104967552455676,0.06278048891183283,-0.27377271491313593,-0.08084437551243173,0.12256438417542972,0.006424318663579233,0.038652648592624184,0.09970421815061835,-0.10991525385107541,-0.0644502344489445,-0.16603111319476035,-0.09646178774042204,0.17907796345062743,-0.08297121286317632,,,,,,,,,,,,,,,,,,,,,,,,,,,,,,,,,,,,,,,,,,,,,,,,,,,,,,,,,,,,,,,,,,,,,,,,,,,
-0.09212131589036839,0,54,0.05887928416014466,-0.09010191578439723,0.11497613829910232,0.14590525217525235,0.12031261161027379,-0.050124854795826436,0.17303086474987395,0.10390059012800822,0.011648351002996634,-0.2525972336404952,0.04593915000492543,0.009925228422787726,-0.22315322558870226,-0.16362933023140713,0.09528194495714336,0.18382524036090953,0.30853562508345167,-0.0882390135919423,0.2222470168366691,-0.1458425960806799,0.062261043954587945,0.11890865053825844,-0.07211418000711366,-0.16597585342565063,-0.09373332634711515,,,,,,,,,,,,,,,,,,,,,,,,,,,,,,,,,,,,,,,,,,,,,,,,,,,,,,,,,,,,,,,,,,,,,,,,,,,
0.02080312840898195,0,55,-0.17830066386754045,0.0788489738879633,0.08064687574609912,-0.14483451673125333,-0.15715125120469436,-0.06154349746854956,-0.190301089945725,0.07178152899691537,0.12232617274713442,-0.052840811689159016,0.06518791517606871,-0.042808972557868,0.1820668833048766,0.13039763482521177,0.08887279001428527,-0.08151495454311679,-0.28547239183258283,0.20431495764983545,-0.1375252077151362,-0.12796735502046783,-0.0015959503902841716,-0.15781916450636888,-0.21388215307436823,-0.023041269529809637,-0.08783347282075918,,,,,,,,,,,,,,,,,,,,,,,,,,,,,,,,,,,,,,,,,,,,,,,,,,,,,,,,,,,,,,,,,,,,,,,,,,,
0.0860840342707713,0,56,0.013345512762276288,-0.04042474497620516,-0.18346736488735507,-0.016907121118895745,0.10179895384015564,0.06536376635627292,-0.024377083743793125,-0.10934716932466362,0.068085390125586,0.14428905955110274,-0.1296123343251062,-0.2896450679088144,0.05586553100024937,0.11344113987717072,0.18395478044940697,0.009639932354354726,0.019302943773583336,-0.10246708817489834,0.025034984302363037,-0.0010944677835268578,0.09720286177837148,-0.20362840643770908,-0.12385910822651075,-0.09139719547840272,0.02469637368370885,,,,,,,,,,,,,,,,,,,,,,,,,,,,,,,,,,,,,,,,,,,,,,,,,,,,,,,,,,,,,,,,,,,,,,,,,,,
-0.02845628855947316,0,57,-0.14803702449463219,0.034920258878473324,0.05469845919976201,-0.05760535164350503,-0.20566441122437487,0.08027549207729034,-0.21598378635057525,-0.12130201668383726,-0.03975593168085357,-0.00351058448436415,0.05593901356351198,0.1600777875167402,-0.29292204228656743,-0.19229063749978828,-0.1216260459648488,-0.03180887531002238,-0.0788141134114641,-0.01337234244653201,-0.4234039568068074,-0.12023849907648254,0.14535514642991057,0.07410015458622966,-0.3158129667078093,-0.1057954845896375,0.0980282588160881,,,,,,,,,,,,,,,,,,,,,,,,,,,,,,,,,,,,,,,,,,,,,,,,,,,,,,,,,,,,,,,,,,,,,,,,,,,
0.3024866329186321,0,58,0.04352976541639162,0.2053050525029594,-0.20712642663833705,0.025287142211118246,-0.22205530530035542,0.005380748142976907,0.13918813422972565,-0.10293030578619901,-0.21411377066381737,0.036290193308706024,-0.05839029252078603,0.043963960208070925,0.12018625581684683,0.008966570115003772,0.05828779484324723,0.07123363082284745,-0.06623384943557159,-0.27363972973877604,0.039820275029542114,-0.12794439782230652,-0.004142244086464,-0.10114224143394727,0.2068474796870044,0.038358611930067815,0.08668783465563672,,,,,,,,,,,,,,,,,,,,,,,,,,,,,,,,,,,,,,,,,,,,,,,,,,,,,,,,,,,,,,,,,,,,,,,,,,,
0.02988304293213481,0,59,0.1034805560363574,0.158962914948137,0.07414182691597992,0.2044315420399092,-0.029302169778668445,-0.02134661051881133,-0.10539409106113867,-0.03899202913725447,0.08760632966407894,-0.07140388865219836,-0.06486689542765484,0.11537991519795535,-0.19692488858530824,0.13648111063280818,-0.0985625900212451,0.08130041063267739,0.004028190595408738,0.011252758168333443,0.0461665931823393,0.12217017100737099,-0.23941676500485623,0.13778095047011288,-0.02082707165046233,0.025028141381379813,-0.07423845269474348,,,,,,,,,,,,,,,,,,,,,,,,,,,,,,,,,,,,,,,,,,,,,,,,,,,,,,,,,,,,,,,,,,,,,,,,,,,
0.0719573933418941,0,60,-0.1994518696499627,-0.15632953207666023,0.10209326880817876,-0.1194107429487486,-0.22342962523575338,-0.08875502864892436,-0.07335874010944388,-0.12776031269136673,0.06492292048507269,0.1280391020399996,-0.00040385685267648624,0.02877194969105566,-0.24537410504114626,0.07492829699786853,0.024246782755387657,0.03702479740356013,0.13577555707761016,0.19666240564088017,0.11277964310263594,0.1081478273914126,-0.2869571062518679,-0.08445423188641724,0.18609121815037555,0.1807556370956562,0.012318846401294334,,,,,,,,,,,,,,,,,,,,,,,,,,,,,,,,,,,,,,,,,,,,,,,,,,,,,,,,,,,,,,,,,,,,,,,,,,,
-0.025091710877449318,0,61,0.024949892098505965,0.060061618426343964,0.042975948021608215,-0.31169317632924654,-0.05787460718596147,-0.06777976810807418,0.1220713051041516,0.1820785211585656,-0.12424587919170918,0.27626374725311253,-0.20169596221789762,-0.46033177559624144,0.1733906048637282,0.21597259979371336,0.16317710051623713,0.13333980463093967,-0.2739524755750553,0.1295563810500705,-0.1476882722912521,0.040330393438695086,-0.016805804482657845,-0.2583034896148397,0.11373652947979299,-0.012405478890437152,-0.02292018291592044,,,,,,,,,,,,,,,,,,,,,,,,,,,,,,,,,,,,,,,,,,,,,,,,,,,,,,,,,,,,,,,,,,,,,,,,,,,
-0.06959527363306497,0,62,0.1725489040781998,0.03716243581775452,0.3027582554819197,0.19732945762965223,-0.016658112415826713,0.20609750168621346,-0.2041794753627453,-0.16202871558282866,0.020134792529497236,-0.015505564175753266,-0.22486640703962374,-0.05109727471517197,0.08723251311296225,-0.34468639406702134,0.19248425061609345,0.04375078110857913,0.1036265735861303,-0.26216832063399775,-0.0974541102841566,0.0936099358269646,0.05100033026625518,-0.007181664266641067,-0.016346967622230077,-0.024975674692675087,0.11440199232907547,,,,,,,,,,,,,,,,,,,,,,,,,,,,,,,,,,,,,,,,,,,,,,,,,,,,,,,,,,,,,,,,,,,,,,,,,,,
-0.01545735670715295,0,63,-0.05022775908187377,0.1502329248830205,0.08923277749718626,-0.07254302358554443,-0.18294319968716008,-0.3011876581563585,-0.015534748244041833,-0.12963836573708376,0.053837489676282095,0.28853369505571635,0.17816002978943576,-0.10183012164702746,0.09491473414599501,-0.09371123083013935,-0.382193544950243,0.1225302849322015,0.05380195018894543,0.026018872799858542,0.05291383289656243,0.030613968884349158,-0.06340536801549325,0.06192981837444025,0.1162781841938093,0.15916565249827003,-0.10088151717401594,,,,,,,,,,,,,,,,,,,,,,,,,,,,,,,,,,,,,,,,,,,,,,,,,,,,,,,,,,,,,,,,,,,,,,,,,,,
0.27038184606331045,0,64,-0.18216091252151242,-0.3173505266622462,0.08419235064427907,0.18274927667467028,0.19947414212543854,-0.14607494317629197,-0.029765694389195126,-0.17255497118146748,0.06781133632076529,-0.0916765598117992,0.15255376664591622,-0.012640190869514772,-0.04516569917395791,0.17274695093622147,-0.05952385321997135,-0.02802958374368994,0.20965634149835013,-0.2597574811133425,-0.13846672356099987,-0.08224284739831991,-0.011996343463425974,-0.23940989372071567,0.08700202696661379,0.053419880852084524,-0.19666755865172217,,,,,,,,,,,,,,,,,,,,,,,,,,,,,,,,,,,,,,,,,,,,,,,,,,,,,,,,,,,,,,,,,,,,,,,,,,,
-0.33752903748393703,0,65,0.1387478293523119,-0.16867624205601467,-0.3132118863884486,0.041464876002093004,-0.14035304852503985,0.2618436533605856,0.18163184238897542,-0.1841223110206368,0.015532610271927897,-0.3116923429021231,0.24999777566668754,0.07529650120430172,0.07140606812716697,0.20994020812855763,0.05654884259065783,0.07328290736125725,-0.1372104149212495,0.08837036734800262,-0.07111088362406306,0.318564705401353,-0.32933076824945,-0.06974785773144437,0.03819445260919016,0.10183768223071935,0.2228851561354749,,,,,,,,,,,,,,,,,,,,,,,,,,,,,,,,,,,,,,,,,,,,,,,,,,,,,,,,,,,,,,,,,,,,,,,,,,,
-0.13208208217795958,0,66,0.022991813177818905,-0.11233520789480633,0.14218598256244222,0.12947321752971214,0.23464212065687043,-0.12481155702212263,0.007616818287109444,0.09365831657107382,0.04808696349249264,0.029076458519418546,-0.10478120321467636,0.00131491865518753,-0.008843208818239794,0.06516627819001797,-0.09039603217536316,0.21290405109407298,-0.29169922366590295,-0.16413673997521272,-0.0851402526931897,-0.04883444451291639,0.1175281457724748,0.0590374706177997,0.007071552118952925,-0.0291013152941941,-0.1766102697733055,,,,,,,,,,,,,,,,,,,,,,,,,,,,,,,,,,,,,,,,,,,,,,,,,,,,,,,,,,,,,,,,,,,,,,,,,,,
-0.17840541665575047,0,67,0.028879352585054193,0.024961154907032185,-0.0001920741121135597,0.006230618700536892,-0.13966087919467546,0.29046800531005723,-0.16271672778318536,0.06823679860301973,0.2791100753858651,-0.18823700305840832,-0.2058884524577997,0.07595935738529076,-0.006906827044666957,0.11974411444144786,-0.1050680793373032,0.10750290191623177,0.27427698600929845,0.005398589559542039,0.14250406323272166,0.24299414745048759,-0.2410083846899707,0.09254059276847891,0.09785587183484026,-0.0094215307133194,0.29307377651982514,,,,,,,,,,,,,,,,,,,,,,,,,,,,,,,,,,,,,,,,,,,,,,,,,,,,,,,,,,,,,,,,,,,,,,,,,,,
0.06992408125095853,0,68,0.1687884044823189,0.06946608587879326,-0.20910740712040438,-0.10328685848868897,-0.11850215472414598,-0.026780758764872466,0.11936894941276714,0.11244722190886493,-0.0923246123916333,0.3030001331566433,0.16524594363696501,0.010441671924840261,-0.12105531432565265,0.17773004300564804,0.015376293097026384,-0.03019419784623107,-0.04165978476280313,-0.32673889958720326,-0.2374335871695818,-0.35520040150989474,0.07489226111821654,-0.025865290973338617,-0.09333465456621423,0.07481212830819921,0.08983220665338812,,,,,,,,,,,,,,,,,,,,,,,,,,,,,,,,,,,,,,,,,,,,,,,,,,,,,,,,,,,,,,,,,,,,,,,,,,,
-0.03260602209924124,0,69,-0.03106118636900744,-0.012809123246612925,-0.21935694785141555,-0.3024113874031018,-0.21701210731844678,-0.3965970512573825,-0.20331539246556762,-0.016717359054552395,0.16085095641638283,0.05865281202124718,-0.12117013921678824,-0.2525234014075558,0.19253360996786717,0.1326405673492859,-0.11987150128351075,-0.03202439945184675,0.16634089686719275,0.09161805433017514,0.015764099570480007,-0.046014416702027196,-0.09128488833626439,-0.025623785820990154,-0.15822369132132927,0.0045157147292972785,0.11645508285320759,,,,,,,,,,,,,,,,,,,,,,,,,,,,,,,,,,,,,,,,,,,,,,,,,,,,,,,,,,,,,,,,,,,,,,,,,,,
-0.12834274325359893,0,70,0.13769197838897224,-0.1805931504818183,0.027282583156738097,-0.12048411397049365,0.1483603802507383,-0.12902874603612854,0.038839431639944404,0.13725766474848897,-0.18192993890900852,0.06488035986577687,-0.5439653161152481,-0.22619247297402303,-0.17240060892749506,0.283891118479181,-0.07906150521739314,0.20232066582909505,-0.3314666940539344,0.12199213497009714,-0.05734476096289889,-0.269158256122226,-0.005038007625173396,0.11255633920370771,-0.07351469580353223,-0.022263953547558685,-0.028425674495947743,,,,,,,,,,,,,,,,,,,,,,,,,,,,,,,,,,,,,,,,,,,,,,,,,,,,,,,,,,,,,,,,,,,,,,,,,,,
-0.20275458525769519,0,71,-0.13784759717330844,0.17551384026412822,-0.07148627799704704,-0.25296478319330024,-0.0075200906119639085,0.07583861792160003,-0.0035979601028865967,0.1716680843426766,-0.05218305923353386,0.10563905241914386,0.20649440036324987,-0.05715000973390795,0.09253778346037658,-0.09021677712529004,0.04666392868603782,-0.2352000302137373,-0.02549440493287518,-0.10238685383537853,-0.07457429640346412,-0.15960983927043085,-0.06679194968026814,-0.10329762958442756,0.14666069875576637,-0.2130614665279139,0.15187510989203581,,,,,,,,,,,,,,,,,,,,,,,,,,,,,,,,,,,,,,,,,,,,,,,,,,,,,,,,,,,,,,,,,,,,,,,,,,,
0.052002871701797224,0,72,-0.07175805702666684,0.046401399256802214,-0.1025691126401269,-0.1121463663905925,-0.18220374653243798,0.01209589447563415,-0.007444081931610615,0.1524778211485098,0.00950797000082907,0.1041446039142258,-0.04011597065514892,-0.11951847871945831,-0.19245324384157259,-0.1729783005141918,-0.24939772399231663,-0.1327364505383315,-0.4054744770857098,-0.2844348611361436,-0.42298007010192745,-0.28638649269309885,0.11869262849808225,-0.09447778918463633,0.2139611730168885,-0.009737369061561052,-0.12750625707296384,,,,,,,,,,,,,,,,,,,,,,,,,,,,,,,,,,,,,,,,,,,,,,,,,,,,,,,,,,,,,,,,,,,,,,,,,,,
0.1448702947670621,0,73,0.17104343042789039,-0.06976277179689859,0.2350171700445463,0.15791912047224502,0.11534680979991621,0.1494580341528849,0.05784139318570041,0.0008948520807644272,-0.0912568828363573,0.11057898429543193,0.10992328772627494,-0.10295157369265176,0.018778793752565137,-0.17533407102334014,-0.15220444415141415,0.053875772983126284,0.17561845248906482,-0.16002823658351117,0.09506044045693449,0.10740921809707189,-0.08612622030008277,-0.2675567164745442,0.036784200825265595,-0.26715805199932485,0.22696962718360697,,,,,,,,,,,,,,,,,,,,,,,,,,,,,,,,,,,,,,,,,,,,,,,,,,,,,,,,,,,,,,,,,,,,,,,,,,,
-0.22377198085038813,0,74,-0.09374206723764854,0.03670232690713414,0.28781721874913774,-0.1120746166300586,0.40909210763466264,0.18594914225602407,0.11819953431701825,0.3607068566611239,0.1263089266699081,-0.2027297160002536,0.15790072806589442,0.08726955822728055,-0.008617910962492417,-0.20815708674508526,0.009809199415616601,-0.2049641554130375,0.26216294942727253,0.28405884416896315,0.14512473279407018,0.06619469803051742,-0.26933521402261645,0.3060907034500951,0.002622812083628087,0.06644877850285773,0.2333729912463287,,,,,,,,,,,,,,,,,,,,,,,,,,,,,,,,,,,,,,,,,,,,,,,,,,,,,,,,,,,,,,,,,,,,,,,,,,,
0.040893894728978045,0,75,-0.15538836223410815,0.0982916456871177,0.18043493541331201,-0.02394209949871697,-0.08253832566067978,0.08363000306515303,0.1811905995776,-0.03367805776967164,-0.16137663893784623,-0.1623030934258121,-0.08554919894168715,0.10738080947079831,0.04817255126630578,0.2067069552768336,0.004186510293957482,0.12231701571234795,0.23883436022247606,0.2693343962792047,0.2233141501255874,-0.0024229413403565546,0.05154455798793524,-0.16348436432902877,0.11991751582508994,-0.1609892217215179,-0.07664059435381795,,,,,,,,,,,,,,,,,,,,,,,,,,,,,,,,,,,,,,,,,,,,,,,,,,,,,,,,,,,,,,,,,,,,,,,,,,,
-0.255376859978284,0,76,0.4506489911407777,0.050592195646474485,-0.18734704723318668,0.01364653807467219,0.08410167556618289,0.047745191452513235,0.23680222203741205,-0.4078947597085408,-0.3086044801250818,-0.22339055652884496,0.0423206050078984,0.03592016619512137,0.037637296795981434,-0.17439653936157984,0.04751455315747896,0.04282456718464381,-0.04143291640776207,0.03819162450655333,0.01801842747990414,-0.06441642437470574,-0.3079271235846944,-0.1264360811389976,0.028688966219843737,0.04076089526711475,0.008532663370011897,,,,,,,,,,,,,,,,,,,,,,,,,,,,,,,,,,,,,,,,,,,,,,,,,,,,,,,,,,,,,,,,,,,,,,,,,,,
-0.36646637734374077,0,77,-0.038236649689950664,0.11834373350323862,-0.3015367767481503,0.029931687840050444,-0.07826038394274966,0.011611070997555262,-0.14625984970355402,-0.19297949068936934,-0.2304088071289071,-0.14246517425068425,-0.0907019540464176,0.1203652097415106,0.09693262911417111,0.08295254864047798,0.11061456340512535,0.13405379923725022,-0.0012535416218047,0.013993597003992941,-0.156912989088558,-0.23406551871723827,-0.1967097482042387,-0.02936002553274709,0.10990571231211003,0.12451998227016196,0.07432230237402884,,,,,,,,,,,,,,,,,,,,,,,,,,,,,,,,,,,,,,,,,,,,,,,,,,,,,,,,,,,,,,,,,,,,,,,,,,,
-0.2862118772059562,0,78,0.09285656832944778,0.060463039152898385,-0.20753208091694433,0.07743730421172323,-0.10767968499216717,-0.037870086048594466,0.039665060303252085,-0.02799322722883697,0.20183698511767786,-0.19306084735440124,0.07945545820346499,-0.04219148146097128,-0.13633328703655873,0.23689002702796613,-0.00042354023126487105,-0.23792651472301113,-0.025515258716853183,0.14746576083940666,0.15068243644251197,0.21134723807698297,-0.1732668768929193,-0.08893524710099762,0.17333088954418296,-0.12438469364712361,0.05156364131208716,,,,,,,,,,,,,,,,,,,,,,,,,,,,,,,,,,,,,,,,,,,,,,,,,,,,,,,,,,,,,,,,,,,,,,,,,,,
-0.23915432033050837,0,79,0.1256461958664505,-0.046768686898523835,0.13364938160809353,-0.1790250889743789,-0.03539587263269003,-0.125238435528662,0.07696495963134133,-0.17746502204692105,0.18064599931370615,-0.011989706212296534,0.037682268191453684,0.16322891460881545,-0.026826734761356635,0.0736767855147455,0.02894656979848391,-0.18475027245581152,-0.2467437911233118,0.18438481394349174,0.0013678643308483755,-0.0453214286560658,-0.17380783396445368,0.09047184474065409,0.17492531379333878,-0.07792387494349734,0.1105351615703556,,,,,,,,,,,,,,,,,,,,,,,,,,,,,,,,,,,,,,,,,,,,,,,,,,,,,,,,,,,,,,,,,,,,,,,,,,,
0.07612879852258035,0,80,0.1574079858731148,0.09325840272074847,0.07396526779914954,-0.02914723253289957,-0.19024365001669122,0.0751292172634345,0.07972275380520401,-0.11809550020882391,-0.18730538786232986,-0.06313415505273738,-0.02622966043223178,0.06119498341146223,0.1256725974750155,-0.0968158770880955,-0.07736588180142444,0.03947722192422484,-0.26000196146336807,0.12297952249024498,0.04466040355873724,-0.2030735798711277,0.1680209798258857,0.053556454634786324,0.06080730114095224,-0.16418631662035713,-0.262365846510492,,,,,,,,,,,,,,,,,,,,,,,,,,,,,,,,,,,,,,,,,,,,,,,,,,,,,,,,,,,,,,,,,,,,,,,,,,,
0.015928082349445528,0,81,0.0512989187466699,-0.23502739324840002,0.15938959746703665,0.04653624894126104,0.11620110277943296,-0.0018369336148578433,-0.004961072008529418,0.20369771135967274,-0.1579892310205035,-0.2727345691198807,0.10053184488815871,0.019039092823409917,0.028607407004427314,-0.05697796324125559,-0.19512614371738804,-0.05136771562652068,-0.10416716577262664,0.28366061291771716,-0.059277105168953195,0.19953597908646936,-0.08831581005147965,0.12874456390618236,0.14283278703092284,0.1906028771982725,0.09564099685599418,,,,,,,,,,,,,,,,,,,,,,,,,,,,,,,,,,,,,,,,,,,,,,,,,,,,,,,,,,,,,,,,,,,,,,,,,,,
0.009739731017576348,0,82,0.10398467276571921,0.09832961227737656,0.21135441868795102,0.35937167016128696,0.19646351232046255,0.19735167280269217,0.022715326682766802,-0.07592511080989317,0.12774042749735723,0.07106514212910235,-0.006712997826206097,-0.1294652149245678,0.018278934314967427,-0.03595075850827542,0.1870243390299325,-0.14544466335775608,-0.040381575179025145,0.06149061405560099,0.1417304503019462,0.333402148030483,-0.22596767139328983,0.062321418757738695,0.09897936699568838,0.04405586548243313,-0.08575020805854118,,,,,,,,,,,,,,,,,,,,,,,,,,,,,,,,,,,,,,,,,,,,,,,,,,,,,,,,,,,,,,,,,,,,,,,,,,,
-0.0004182239259445175,0,83,-0.04076346408580318,-0.1546083019173447,-0.20979716715775576,-0.125365866564968,-0.01888692976125431,-0.18186832025213254,0.16473829810058052,0.16327025565499195,-0.01663152422504817,-0.05009987171358965,-0.08724326252458087,-0.060473183581972186,-0.12401975179064705,0.25574792407470864,0.10748642973917778,-0.048778675232010134,-0.2938108942065287,-0.12031632307197973,0.06838904514247664,0.1306988037135273,0.050577883401802026,0.08088590021684298,0.11762175575075258,-0.03805836413917443,-0.1031223585642587,,,,,,,,,,,,,,,,,,,,,,,,,,,,,,,,,,,,,,,,,,,,,,,,,,,,,,,,,,,,,,,,,,,,,,,,,,,
0.07599006387397601,0,84,-0.05308589304968751,-0.037921097025508055,-0.2028326985329273,-0.16249147907678516,-0.046540272763510776,0.045039699855815095,-0.013752448528574308,-0.036660540501612805,0.011252231980150565,0.03504109663590448,-0.10198419057340513,0.16574574306343495,0.08828944129047334,0.10851255406193672,0.18790870509642382,0.04911102611263533,-0.21538902861807138,0.060212551429322046,0.03099846489910391,-0.041285668843848995,0.014821372159195422,0.008592872753650178,0.15987237493149065,-0.1762454770679938,-0.07912020650624212,,,,,,,,,,,,,,,,,,,,,,,,,,,,,,,,,,,,,,,,,,,,,,,,,,,,,,,,,,,,,,,,,,,,,,,,,,,
0.06664647555148058,0,85,0.17791463859775594,0.13159301911345633,0.17737338987753354,0.1557561260235677,0.14330897748766236,0.11024578487060376,-0.01076806517352171,-0.04596932098660921,0.0936964332774664,-0.03942304050571661,-0.04126744285412674,-0.0734459910300832,-0.05025726377966456,-0.32098366965247505,-0.1429615204599727,-0.0680961805301457,0.44205140858003694,0.309311158142795,0.48760378915260705,0.14755189120362172,0.01856681905318797,0.08886735444899,0.2036446052006102,-0.06707373646182557,0.0013650561388316334,,,,,,,,,,,,,,,,,,,,,,,,,,,,,,,,,,,,,,,,,,,,,,,,,,,,,,,,,,,,,,,,,,,,,,,,,,,
0.0515731720018828,0,86,-0.06793184826221574,-0.1723171009170408,0.11552861804851983,0.1960237586321009,-0.00959006945128483,0.18579278261933463,0.09779555940592378,0.21241647828895005,0.08560492551257884,-0.08507446516723012,-0.22059217227849387,0.16342803475185863,-0.07894798120876004,-0.07185050739509438,0.18765996098432342,0.19731139135211234,-0.12476329587037313,0.1401819601845934,0.13520154046534064,0.27351329913208744,-0.216488778102004,0.19707956479091,0.17989621323685387,-0.03994743607022981,0.008213475645458648,,,,,,,,,,,,,,,,,,,,,,,,,,,,,,,,,,,,,,,,,,,,,,,,,,,,,,,,,,,,,,,,,,,,,,,,,,,
0.03881193054542371,0,87,0.18490503497405114,0.05036339019444368,-0.05430691692448822,-0.10594499389584693,-0.28625735494944865,-0.1695752258655754,0.08476161572435192,0.0497664474581772,-0.16141743457226376,-0.06758554317278659,-0.03884366898149569,0.17111665095842593,-0.04213807696043038,-0.009129621599147568,0.18993735106966703,0.18183036050752496,-0.26183327080403124,0.04681523682218747,-0.09278972100288355,-0.2664577529915386,0.26856627124289517,-0.0652352377128284,-0.03627610565220812,0.19857590696308255,-0.20124055363515567,,,,,,,,,,,,,,,,,,,,,,,,,,,,,,,,,,,,,,,,,,,,,,,,,,,,,,,,,,,,,,,,,,,,,,,,,,,
-0.1445169886446543,0,88,0.029565661380498272,0.024917235139739483,0.03175053148382686,-0.3523752969759267,0.21902899887912286,-0.14961705141055082,-0.21017883850804683,-0.19802609291180595,0.016889646807205932,0.228146447683584,-0.5764379207783882,-0.47895629396563993,-0.03632573160989858,-0.28814748815637625,0.0417231966766207,0.19248178459264922,0.0911658870804253,0.16737130325032393,0.1246391614489152,-0.2765524888372658,0.08358511487719848,0.013641593415468802,-0.3086653427956307,0.11190480969166217,-0.1861686222077112,,,,,,,,,,,,,,,,,,,,,,,,,,,,,,,,,,,,,,,,,,,,,,,,,,,,,,,,,,,,,,,,,,,,,,,,,,,
-0.31942760061005593,0,89,0.017456008724777962,0.1851960140175572,0.13497652702905902,0.11020036967194075,-0.05155123669862494,0.2547072985423463,0.05982401203227869,0.16694545340458317,0.12534810092285523,0.07596900915000518,0.10062104654077303,0.08961159380304208,0.13398752399665106,0.16845277983147186,-0.05870875742855007,0.10887527638989342,0.2900749154365326,0.3405344565387895,0.10597676798056856,0.014477314751499498,-0.1204325585685888,0.00970066177895828,0.14131125237039546,0.044796256927579506,0.0892861743167319,,,,,,,,,,,,,,,,,,,,,,,,,,,,,,,,,,,,,,,,,,,,,,,,,,,,,,,,,,,,,,,,,,,,,,,,,,,
-0.006241462152536756,0,90,-0.47855086749348497,-0.2135405048481451,0.1609170718987589,-0.028199066918237984,-0.3689066243956413,0.035756955448129304,-0.5827002910524964,0.3273705249012143,0.1469045426548911,0.024119389753788818,-0.06812115676327661,0.14124346053651318,0.1361878801167193,0.10627506491786254,0.06039710291488973,0.06535862197693845,-0.0403321591539418,0.34668319436325784,0.06386219737347985,0.11456991932357885,-0.2157722116832674,-0.2601420119504428,0.06293643242349284,0.07500896621331546,0.07004538382983788,,,,,,,,,,,,,,,,,,,,,,,,,,,,,,,,,,,,,,,,,,,,,,,,,,,,,,,,,,,,,,,,,,,,,,,,,,,
-0.05799022167090876,0,91,0.19143447191495094,-0.2290689427147628,0.07992392968413338,0.05415726003269175,0.10373854336641818,0.06741572845977263,0.053180926289418604,-0.05856801671742917,-0.04891930038629017,-0.04693802008117379,0.20031646334742773,-0.35346341823283794,0.16922902055322075,-0.08149834140691233,-0.03376730704586013,0.0802838708164186,0.09102181042959125,0.02975414268309127,0.1588178566276128,-0.08796600522948529,-0.09300914419832818,0.001661636229940273,0.036008036715766696,-0.13106349654997348,-0.1574108304335202,,,,,,,,,,,,,,,,,,,,,,,,,,,,,,,,,,,,,,,,,,,,,,,,,,,,,,,,,,,,,,,,,,,,,,,,,,,
-0.12613223256252692,0,92,-0.06260431023521272,0.09672776216076819,0.10536993555857521,0.11831692512923166,0.02837024057296966,0.17032455321166,0.07439951069393934,-0.12893729754768377,0.24484319144102035,-0.10432977009025114,-0.16875638723985328,0.17091711842747534,0.10611065327667416,0.08829373799627571,0.007346003590617297,0.01232912347418157,-0.28953275324618416,0.30777159078228855,0.0879376712445832,0.029836181924701156,-0.12987882646664475,-0.26384557814362436,0.1182537040293681,0.05241146799742681,-0.08813685359729641,,,,,,,,,,,,,,,,,,,,,,,,,,,,,,,,,,,,,,,,,,,,,,,,,,,,,,,,,,,,,,,,,,,,,,,,,,,
-0.04976270356253636,0,93,0.0376866588912584,0.09990064456586767,-0.19328068076738117,-0.38933833296996917,-0.274278110098185,-0.2693698925806565,-0.2060023210519545,0.027288082513073866,-0.025205840734177632,0.014920217430921699,-0.018086251812782603,-0.1205500360479829,0.13339370677745235,-0.16401856198628945,-0.024798359944720502,-0.08716061031437537,0.0033691315767578963,0.10513479208484616,-0.3144174971133777,0.02649860591558386,0.29556298829160593,-0.0844510285464666,-0.17253129885522364,0.10373649099123637,-0.10423136577582777,,,,,,,,,,,,,,,,,,,,,,,,,,,,,,,,,,,,,,,,,,,,,,,,,,,,,,,,,,,,,,,,,,,,,,,,,,,
0.27570058766446204,0,94,-0.009453844851434525,0.18648878784755427,-0.14190856741982555,-0.10446831473448155,-0.19568949332345886,-0.2190271943507107,-0.12056787401402447,-0.1079579875051397,0.07304100056521473,0.14657684213324332,0.104173992118417,0.14448931984789115,0.040615783823342966,-0.06941870691649993,0.19557473372922154,0.03426005094626135,-0.25862806646349895,0.05199229925187798,-0.3384038927657535,0.007809306131177064,-0.037127395584538994,-0.1444911159234619,0.1694757689955866,-0.0998013169810076,0.07790894493896093,,,,,,,,,,,,,,,,,,,,,,,,,,,,,,,,,,,,,,,,,,,,,,,,,,,,,,,,,,,,,,,,,,,,,,,,,,,
0.08935496922964498,0,95,-0.025780206325547398,0.1730452013959804,-0.2529098544582784,0.039894974372118294,0.10402300725952164,-0.2735262710803705,-0.12009452742162516,-0.004569339355483715,-0.17922332167374375,0.29331891716983954,-0.06995417318388886,0.10606453881150668,0.1683761354906358,0.14359453262370328,-0.03329630986462179,-0.017834432044150396,0.024374266470668603,-0.17743148433857914,-0.03151020421866745,-0.17119425405258498,-0.006933737648217305,0.039353666383766805,-0.17287270347061331,0.0180116474506889,-0.13059270275382343,,,,,,,,,,,,,,,,,,,,,,,,,,,,,,,,,,,,,,,,,,,,,,,,,,,,,,,,,,,,,,,,,,,,,,,,,,,
-0.10359503311671879,0,96,0.18107909403212633,-0.17481398017524488,0.07334794405754783,-0.027761511809226987,0.22013569603179656,-0.11916335905626921,-0.061177924525102526,-0.13946293482993663,0.21320620353883366,-0.19490647787734883,-0.2895474228267971,-0.02235700102459632,-0.03418329098353567,0.2663541977012148,0.2147834199157703,0.18080238709838412,0.14616747114844772,-0.007083444516107676,-0.023275476587796298,-0.3178127131412091,0.016044605288194846,-0.27802850021044906,0.06175917263945437,-0.08686768956291832,0.08726533403656564,,,,,,,,,,,,,,,,,,,,,,,,,,,,,,,,,,,,,,,,,,,,,,,,,,,,,,,,,,,,,,,,,,,,,,,,,,,
-0.015117680323996508,0,97,0.11912492214962132,-0.0994839442354942,-0.3578295443297228,-0.08047606405656438,-0.08265030041072517,-0.028568654407097358,0.22713512390882906,-0.07649967216091966,-0.010206393929000806,0.15052656852113516,0.08786852867196808,-0.026940438899491357,0.046738738980325475,-0.1422584413296209,0.07760245912757915,-0.0343595627616087,0.1539133251929131,0.13611949620499955,0.3220708690216578,0.16070997824850458,0.1496520679826795,-0.002832408934072206,0.05437537648845106,-0.2538472921553676,-0.04944585440546532,,,,,,,,,,,,,,,,,,,,,,,,,,,,,,,,,,,,,,,,,,,,,,,,,,,,,,,,,,,,,,,,,,,,,,,,,,,
-0.15481869249163166,0,98,-0.4082527509761907,0.10246675537021482,0.08145688116938048,0.11948523980072039,0.39102397686763934,-0.11595513938010267,0.0029906719687681385,0.285764818978017,0.2911385601277523,-0.2313635266836806,0.06222936984913134,0.10245125911022776,0.09974954016370255,0.10510403145713511,0.1064816898986932,0.10442863012428119,0.05331671008537297,0.1247723703482309,0.23511403881142512,-0.16022583366608842,-0.2556332979598379,-0.2602143458753431,0.1234725187647766,-0.12091681152447951,-0.009368365563217485,,,,,,,,,,,,,,,,,,,,,,,,,,,,,,,,,,,,,,,,,,,,,,,,,,,,,,,,,,,,,,,,,,,,,,,,,,,
-0.17344183959867102,0,99,0.010326276098188019,0.18991130516922142,-0.13823823405301952,-0.0464795446376534,-0.2718400543574661,-0.2155040788654785,-0.15598713992944668,-0.0105572651008464,-0.15534495259173883,0.15983204135687815,-0.09029709432416579,0.13623046746866022,-0.22714668044037076,0.25977568461696215,0.17158267673686178,0.19226592696067743,0.027744846953596015,-0.10488374973824557,-0.039391035179542594,0.12660634948373656,-0.03595465436408064,-0.04514115273376975,-0.05756983912643965,-0.04374191248944235,-0.1253658051563683,,,,,,,,,,,,,,,,,,,,,,,,,,,,,,,,,,,,,,,,,,,,,,,,,,,,,,,,,,,,,,,,,,,,,,,,,,,
0.22166987204060054,1,0,-0.11191352956141237,-0.13975936132465816,-0.15568778636488714,-0.7003006994908857,0.04051266272304623,0.17975952199674597,0.19274239616893543,-0.08058470540785671,0.12296788828926519,-0.17994000456709253,-0.2714730356200685,-0.2245014274380561,0.16210385243218367,0.15476037141815738,-0.2000719153838927,-0.11122931546689828,0.07746755599598239,-0.19366662425579736,0.13578922959566717,0.07181936261348369,0.11284137133842898,0.1120712036355835,0.2743781136587644,0.04287818180194675,0.2811535502890916,-0.06353543479364411,0.08965922265858829,0.2005849654797334,0.2160824373785085,-0.1593726179663699,0.06942460298184934,-0.32941863873033755,-0.17278039477482332,0.11831324476631964,-0.1687965358752498,-0.11854232834834229,0.29199729497187105,-0.10922859722331162,-0.36540543237826895,-0.13233492976349687,0.24208294686908807,0.2243551474541841,0.19378995553566505,-0.3125905315767495,-0.17129749186328386,0.29764881696036444,-0.29753230202786585,-0.4266443655902165,0.15684143538962725,-0.2836466888143385,0.1370753741814778,-0.10764940938821024,-0.26448575408264285,0.15380341550562518,-0.1732339025238381,0.06617291867512685,0.13838088145148814,0.0996355764785601,0.09273247961380565,-0.15819129820688838,-0.08267275452711655,0.05335357459507143,-0.08793425786365006,0.0767094849573321,0.2905241197094591,-0.43065890988899974,0.18424339135325285,-0.16175605207419347,0.19340841313474832,0.08320876155142536,0.15511981796541932,-0.024476983815291502,0.053225463693183026,-0.12085564186456921,-0.4524158536971409,-0.0217794840280552,-0.5878055111838749,-0.49753512365642266,-0.1755601877664474,-0.17931781055637103,0.21671350614226445,-0.18914061778727825,-0.12407876786067033,0.09211249502895809,0.18892433578272463,-0.1340462075139876,-0.24562463975787635,0.22312875727589593,0.12816175237836785,-0.16388182045994912,-0.12207794022358777,0.010443641523469686,-0.09949573414330264,0.18757960832707948,0.13959452953687843,0.22355987679230988,-0.10481812122087789,0.25182596903226195,-0.17052052010999053,0.05375640991443391
