Unique_ID,Neutro4,Thrombo4,Anemia4,Lympho4,GINONV_34,ALLERGY_34,AUDITORY_34,CARDIO_34,COAGULATION_34,CONSTITUTIONAL_34,EPIDERMAL_34,ENDOCRINE_34,INFECTION_34,METABOLIC_34,HEMORRHAGE_34,LYMPHATICS_34,MUSCLE_34,NEUROLOGICAL_34,OCULAR_34,PAIN_34,PULMONARY_34,RENAL_34,VASCULAR_34,OTHER_34,NO_DLT,DLT_PROP
AJANG0206_T,0.064,0.021,0.021,0.012450904605562139,0.149,0.005174449246329253,0.005227618499338502,0.08616639665146611,0.022088909356397797,0.255,0.0,0.0,0.021,0.05039087769460305,0.028341233652376473,0.02642054485529001,0.034188359103153515,0.036032758764542344,0.0,0.06739710987729877,0.04783247896229326,0.002160554183493868,0.012019656915459337,0.10906515157406031,0.3172162303399083,0.6827837696600917
AJANI0805_T1,0.67,0.0,0.08,0.03312800826889709,0.1,0.01124349565970138,0.018942918931606805,0.06166518249078349,0.0,0.18,0.07911447151531091,0.0,0.27,0.03519307661616112,0.01851198549567186,0.04425626567895756,0.012433450457266754,0.11,0.00038107898446758555,0.07,0.05081219839099869,0.005367985039396728,0.06080505592987798,0.1214000653046597,0.07636585869864448,0.9236341413013556
AJANI0805_T2,0.7,0.04,0.03,0.04426311964104225,0.32,0.027647243823736276,0.016072322344294662,0.03358997140220872,0.0,0.2,0.09715768036110548,0.0,0.27,0.04872155664891344,0.01704638994969826,0.06807159448918476,0.01775792946082554,0.11,0.0,0.01,0.0,0.009960159582200423,0.0710556687364774,0.1628843929013424,0.05139009833166351,0.9486099016683365
AJANI0906_T1,0.04,0.48109462690278143,0.0,0.11544815853347784,0.17,0.04,0.0011142737206078978,0.12467210957360346,0.022958384471832988,0.39,0.04,0.0,0.04,0.0,0.02946759380577807,0.07765142664469696,0.04730130837276557,0.09,0.0008955808605340459,0.09,0.04,0.0,0.034590477612091164,0.12207887668603304,0.09680473908714944,0.9031952609128505
AJANI0906_T2,0.0,0.3293178067406849,0.0,0.07911945828140209,0.04,0.0,0.0,0.046548911890592376,0.02963814497750592,0.04,0.04,0.0,0.0,0.04,0.022176170018922498,0.00368548369282928,0.004587065843549131,0.04,0.0036562865653959964,0.04,0.0,0.04,0.04809223218684547,0.05939037829870401,0.3714707867033832,0.6285292132966168
BAEKU0406_T,0.025,0.0,0.0,0.002550533247882589,0.15,0.0033126385140621467,0.007185555554316447,0.03196804492436371,0.00744077823279184,0.08190868017371059,0.0,0.0,0.05,0.03415680323841728,0.02349166538202984,0.0,0.01585384591828629,0.0,0.0030392634179777977,0.0,0.048311347897418186,0.013133102599448554,0.019406955938518863,0.09145773514327588,0.5307680118619345,0.46923198813806555
BAIZE0809_T,0.0,0.0,0.0,0.0026088292810028447,0.0,0.02045030252973158,0.0,0.01352363008926541,0.02476223806266807,0.0,0.115,0.0,0.0,0.03736328068304532,0.023650101002973777,0.00828134643964826,0.017122577974588108,0.115,0.017166819566873687,0.075,0.021048612449615013,0.012270321587349808,0.06003299495135658,0.060511789238756206,0.523547629497449,0.47645237050255096
BLANK1101_T,0.111,0.0,0.0,0.009097788752825641,0.278,0.03110259616133549,0.0,0.051264685060604755,0.026060350469778934,0.055999999999999994,0.05693461433565691,0.0,0.083,0.09,0.023075351026944937,0.0,0.018026137204696115,0.055999999999999994,0.013416531768985922,0.04425170477116744,0.03,0.027999999999999997,0.11,0.13328154432309286,0.2627033402974355,0.7372966597025645
BLANK0410_T,0.027999999999999997,0.0,0.0,0.0,0.278,0.028463054570687076,0.008324293605908983,0.027263044921829557,0.0458514337703076,0.222,0.07666412132156122,0.0,0.027999999999999997,0.06,0.028813780867207324,0.056242640348608854,0.05014781661280017,0.13102570448230103,0.014571873720401623,0.16699999999999998,0.09,0.021691548257364912,0.08,0.14510207420035115,0.1790986711658523,0.8209013288341477
BURGE0406_T,0.033,0.4442533211571346,0.0,0.1098364516033745,0.16699999999999998,0.0,0.0,0.11321167433709521,0.039708570226122626,0.2,0.067,0.0,0.0,0.03,0.02365913458775473,0.007836326633292534,0.012556272891618203,0.03,0.0,0.0,0.03,0.0073259832757612275,0.06576266728362362,0.08928450249568695,0.18675479237979367,0.8132452076202064
CASCI0910_T1,0.029930651025940086,0.0118922494999122,0.0,0.012710360239252991,0.051,0.03563003484140399,0.0009944894345175906,0.027520756599264756,0.022519659749289773,0.128,0.077,0.0,0.051,0.0,0.027045369289616983,0.013608964650983296,0.03637448276048896,0.0,0.019495660798235014,0.04270200292130877,0.007026896270921047,0.0,0.0758060108179053,0.09136187026820851,0.4547162353500359,0.5452837646499641
CASCI0910_T2,0.08412699894335984,0.07118924810962092,0.0,0.025789985548400757,0.026000000000000002,0.0036273783777953927,0.01138756089079785,0.033587613044741046,0.0,0.154,0.0,0.0,0.10300000000000001,0.0,0.024156058213755088,0.012711839787028577,0.026689040671791838,0.0,0.00744010475019609,0.04149674644986345,0.04157468048926593,0.0,0.05119700193042909,0.0784971042844389,0.4359176420191838,0.5640823579808162
CHANG0505_T,0.2,0.0,0.067,0.008630706586696426,0.0,0.006332035469355984,0.004047446711815518,0.01586890439584128,0.0,0.07860281201993347,0.016232077562010644,0.0,0.044000000000000004,0.0,0.025445693428677033,0.002546161159886519,0.02800801742230986,0.022000000000000002,0.015227357841698014,0.022000000000000002,0.0232951593327774,0.0,0.047290512021752495,0.06569614809036359,0.48319741973354535,0.5168025802664546
CHEN0112_T,0.043,0.0,0.0,0.0,0.021,2.850920394273371e-07,0.0010899210009938263,0.027505485887902248,0.0,0.064,0.0,0.0,0.08137993802846719,0.064,0.026507802397813057,0.0,0.02585983656102649,0.043,0.015975089759275658,0.033130252271929866,0.007307987916500301,0.0,0.052581288441529594,0.07921055456476647,0.5477122177547229,0.4522877822452771
CHI1011_T,0.28600000000000003,0.0,0.0,0.03394776381736656,0.0,0.0047496287247228534,0.0,0.0,0.0,0.0,0.020427756831714272,0.0,0.05751820522191822,0.0,0.020118775336240586,0.006524250326172529,0.008730564790012593,0.14300000000000002,0.005593971569543949,0.025369815366646287,8.43813991046466e-06,0.0,0.006006067083061534,0.057664258725810755,0.475809592628249,0.5241904073717509
COCCI0403_T1,0.28922859189028,0.021,0.011000000000000001,0.026268066374663834,0.18100000000000002,0.005930469164044931,0.0,0.021,0.03418561337241161,0.08183698717004204,0.0,0.0,0.0,0.0,0.02405679745028565,0.0,0.019791634886669355,0.011000000000000001,0.00556210743797281,0.0025069969439483197,0.01801928530173787,0.0,0.032008018873683985,0.09606294525582885,0.3819309347615396,0.6180690652384604
COCCI0403_T2,0.31219748702690153,0.043,0.022000000000000002,0.02386841609414904,0.11800000000000001,0.00163884634816297,0.0,0.022000000000000002,0.04491072437133271,0.07762806368547064,0.0,0.0,0.0,0.01,0.024268461708757356,0.002730857276137248,0.019667333783597255,0.011000000000000001,0.011094419411176979,0.005472573883889276,0.0,0.011000000000000001,0.09568054634665851,0.07496812682518447,0.36229489804263576,0.6377051019573643
COCCI1294_T1,0.0,0.0,0.0,0.0,0.057999999999999996,0.002955192941397157,0.0032458564712196545,0.0,0.009613082420306469,0.07643667755515064,0.0,0.0,0.06952995823186683,0.03180174100832949,0.027281662160302526,0.007605809843322861,0.033302297189988894,0.0,0.017756607723187028,0.02083422867375162,0.008869769311651683,0.0,0.055636473003114806,0.09247160392997866,0.5881111135362715,0.41188888646372845
COCCI1294_T2,0.0408139117338015,0.012,0.0,0.0058801899737493685,0.059000000000000004,0.010082826822677547,0.0,0.0,0.011008708143908252,0.06434471740075307,0.0,0.0,0.06719587770769844,0.031131104269240546,0.025592921502565376,0.015051986946917978,0.027960623931504076,0.0,0.012681819230189826,0.019115727306974556,0.004072596442899194,0.012,0.03527785091837023,0.0986042330353395,0.5673691669091928,0.4326308330908072
DELIS0196_T1,0.00825919398226544,0.0,0.0,0.002976203572076388,0.0,0.004362485958476318,0.0,0.0,0.004622921372135883,0.0817430435489077,0.013113161352524244,0.0,0.06832541339473999,0.03883522283089245,0.02845473302720608,0.0,0.038064983536786876,0.0,0.022704457422563534,0.02853978250903899,0.01527195562835175,0.0,0.06350108515641883,0.08777323205160667,0.5935706044269727,0.40642939557302726
DELIS0196_T2,0.0,0.0,0.0,0.0001821131352851787,0.0,0.016417832224142843,0.0,0.019,0.013924875606437629,0.07719568068992146,0.018659055967731625,0.0,0.06527097681246966,0.0447295486135118,0.027478876844893106,0.0,0.03422226032185506,0.0,0.024828614131977855,0.03984336276243039,0.005940436848681438,0.038,0.11658596453635761,0.08279771017812582,0.5241653946074675,0.47583460539253253
DILAU0707_T,0.075,0.0,0.0,0.0167076229356162,0.1,0.0,0.007084557577708224,0.0,0.001652308789085847,0.075,0.023560014962622555,0.0,0.075,0.03269309360212839,0.025504655246787543,0.0,0.028483346345671793,0.0,0.014356910791936676,0.031063294208040187,0.029355418191197635,0.013673419247165641,0.05103717594592452,0.09633646140229248,0.48678405658910257,0.5132159434108974
ENZIN0109_T,0.05437307491672398,0.0,0.013426176438887827,0.001894400018874076,0.36,0.09,0.001455681696720998,0.11035666631060105,0.06904517227268672,0.18,0.09408006422912538,0.0,0.05,0.06123069107289702,0.02826447109003117,0.023607335173297876,0.0381266360577697,0.0,0.016453213623951295,0.05,0.08217218756549077,0.04743161663774814,0.11,0.17174663189053807,0.1632920446638505,0.8367079553361495
FINDL0904_T,0.1595174710741691,0.065,0.020600352210464842,0.015080075726420712,0.07200000000000001,0.015503621234002639,0.0010685661461025831,0.013547112944239229,0.02291984671328577,0.07686615445153325,0.01,0.0,0.057999999999999996,0.04425321637891986,0.0262271645858884,0.001383935128412138,0.03052895647337468,0.0,0.02075226635408856,0.034107005022321,0.0,0.05,0.12343682149535462,0.08989994770339513,0.3707726646602871,0.6292273353397129
GIULI1205_T,0.0547565214541503,0.0,0.007433312812729881,0.0037950265145828225,0.0,0.0,0.0014191059199281748,0.01317908675176653,0.0,0.0,0.028150809894943035,0.0,0.06765513218357372,0.01940596571238099,0.024127504051315696,0.0,0.016610293958341373,0.014099741522781761,0.01591125049948225,0.012915122562705633,0.0,0.009139480313356152,0.0563256010422164,0.0715884090427561,0.6529112159398535,0.34708878406014654
GRAZI1000_T,5.9839432706633444e-05,0.0,0.0,0.008328677797725809,0.0,0.0,0.01199417474203129,0.0,0.0,0.0,0.048,0.0,0.07735167727168717,0.0,0.018796813374971615,0.0,0.0,0.0,0.0,0.014238966713175844,0.006676545623371805,0.02211245140257173,0.0012842154376152687,0.050563615032200075,0.7666416391684485,0.23335836083155148
HAN0109_T,0.077,0.026000000000000002,0.0,0.012787657040231661,0.10300000000000001,0.03,0.0,0.048697692252949336,0.0,0.0828697219053949,0.08,0.0,0.06286646807280251,0.0,0.022599289342192894,0.0,0.021268218626395507,0.03,0.012336841971189252,0.002456921291710046,0.0,0.00042531017936880966,0.04700920198279568,0.08695263632074046,0.4618704239478627,0.5381295760521373
JATOS0508_T,0.583,0.0,0.027999999999999997,0.06868842111593763,0.16699999999999998,0.01630084935827599,0.0,0.007666363492687081,0.031122580863409507,0.17,0.02103624498329046,0.0,0.055999999999999994,0.06,0.03349563374005788,0.03276516216266898,0.06422915726548986,0.22,0.02753333595370021,0.079999998,0.03,0.013084915067155867,0.04287376529074899,0.14456376084023348,0.10259980141483048,0.8974001985851695
JEUNG0307_T1,0.0,0.0,0.0,0.0002707116642579007,0.032000002,4.281391102965021e-05,0.0003729983556204084,0.008476913959671081,0.003483311984887976,0.0,0.0,0.0,0.05993481732409682,0.0,0.032,0.002184914225544933,0.022726005550579565,0.052561727213316506,0.020257439076825985,0.09699999999999999,0.0032707790088549182,0.0,0.12183357025891359,0.06973490230843174,0.5788628708342051,0.42113712916579493
JEUNG0307_T2,0.0,0.0,0.0,0.0,0.065,0.001400261098119908,0.002387286023263923,0.02600879397235155,0.002164461710266744,0.032,0.0,0.0,0.08148685467472544,0.065,0.032,0.0,0.023013157628151742,0.021401624576978584,0.015457615276649905,0.032,0.011279028214057941,0.0,0.04674163731417283,0.09234520234394686,0.5678515252987624,0.43214847470123763
JEUNG0707_T,0.0,0.038,0.019,0.005378145605542323,0.135,0.0,0.0,0.07784295923791228,0.02394312203630592,0.096,0.019,0.0,0.038,0.06,0.025543609074182228,0.0071170465259345755,0.011063606035457644,0.027915939372940762,0.0019034803688052796,0.0,0.0006776290592963377,0.0,0.00017671636871746665,0.10760158434181319,0.48510013194763807,0.514899868052362
KANG0108_T,0.07,0.0,0.0,0.005896700794962828,0.023,0.0,0.0044601926491345725,0.04469999917297793,0.022305256761379157,0.047,0.09300000000000001,0.0,0.0,0.0,0.02027762024898585,0.009727379205671773,0.003980660129419503,0.023,0.007585315049017056,0.09300000000000001,0.033413529048821264,0.018916508526452713,0.11206140627346522,0.04430553272831307,0.49645534729837293,0.5035446527016271
KANG0109_T1,0.019,0.3297249327662376,0.0,0.08404684739732961,0.051,0.004418434057621302,0.0019109656751821564,0.01869614161491999,0.011767451344714394,0.02,0.04,0.0,0.006,0.0,0.02109531812743115,0.0018837211766708079,0.006330275590729059,0.028259406081651645,0.005135938451926112,0.021354472343385833,0.0174758690619854,0.0108748946999086,0.03890637549482423,0.05567857668665178,0.4172891820557756,0.5827108179442244
KIMA0807_T,0.14,0.0,0.02,0.008519566871657306,0.08,0.009530225229329163,0.004229256697766597,0.029449096313114445,0.051231980364508344,0.04,0.03330787683100048,0.0,0.06,0.06923887104500207,0.029083249651258795,0.00961952543313807,0.030953033000970905,0.02,0.024990931433283816,0.06,0.02,0.0034780355584285716,0.11198812361114896,0.10730816636342916,0.3673040463157877,0.6326959536842123
KOHNE0903_T,0.205,0.051,0.026000000000000002,0.018286930409530278,0.2,0.0,0.005187800387743878,0.047769607677160646,0.0,0.1,0.027506734978723524,0.0,0.125,0.030689948553027403,0.023236942933846656,0.006162999750211062,0.021942897821591253,0.0444080495413649,0.00872544667540872,0.05,0.010603467177403,0.019662007513053914,0.062345409097923216,0.12517888037452346,0.27587788319018336,0.7241221168098166
KOIZU0704_T1,0.12038051415669826,0.125,0.0,0.029240136119738525,0.063,0.004084101347498138,0.0,0.00607174091593167,0.0,0.0,0.0,0.0,0.06554561188574615,0.0,0.02215353737066042,0.0,0.012999182911379102,0.027226546022147746,0.007485105583526791,0.021283439651427205,0.00047029308537473863,0.0,0.030478189475844852,0.08077516301580462,0.5260887451268704,0.4739112548731296
KOIZU0704_T2,0.014515462376217966,0.0,0.0,0.005243596727809159,0.069,0.009324373590977535,0.0,0.0028119819257658857,0.0,0.0,0.0,0.0,0.06770747416482407,0.0,0.02006381858205386,0.0020983129341030846,0.007605547872609371,0.031911775718784036,0.0006757850515428567,0.024956228325317298,0.007061098513478331,0.0,0.016043334445908247,0.07882575805225715,0.6925204353190954,0.30747956468090465
KOK0596_T,0.0,0.0,0.0,0.0035546593970241605,0.172,0.009871365765557326,0.0024238847850197665,0.0,0.032528311560628645,0.07912792011746846,0.0,0.0,0.0,0.017413616508338357,0.02355657808693388,0.0,0.023328925241806398,0.0,0.009661880338345936,0.007623617420283418,0.013565317725596472,0.01697816974042521,0.07385870079016693,0.07752760477193882,0.5539202520758822,0.44607974792411775
LEE0708_T1,0.023,0.0,0.045,0.002018317655613386,0.068,0.0145642966226096,0.0028267044018695704,0.04545409983977268,0.028377781561665608,0.091,0.068,0.0,0.023,0.023,0.025427249603684924,0.004364843822572514,0.01939601750410164,0.01800725283131699,0.009098936092154081,0.023,0.024214444635341406,0.004927676897993394,0.03246100924071241,0.08518757924534467,0.4972208895620998,0.5027791104379002
LEE0708_T2,0.0,0.024,0.071,0.0,0.095,0.0,0.008469154690258565,0.033524286216384286,0.05331540130825029,0.071,0.0,0.0,0.0,0.048,0.026716139616715325,0.015643785215158995,0.020676870618990612,0.033051086590411866,0.010573074568528778,0.095,0.043502549410194644,0.02091839296026865,0.08883223285913883,0.0844480090812448,0.4178370842146063,0.5821629157853937
LEEK0706_T,0.125,0.0,0.0,0.018784571326311846,0.10400000000000001,0.013631021545693088,0.0,0.023188948280256194,0.04828363845405515,0.16699999999999998,0.0,0.0,0.042,0.02667132626256117,0.021,0.061475426700706236,0.026232365386967157,0.0,0.0009822793843622243,0.05723326987285099,0.021917844667437045,0.016796321285636295,0.03119954633848121,0.1276043037680526,0.37526301054668343,0.6247369894533166
LENZI1106_T,0.069,0.0,0.0,0.004263769837738092,0.125,0.0011795364993269705,0.00519719363110796,0.073631881591751,0.019746470224311717,0.24,0.0,0.0,0.013999999999999999,0.052599638148995397,0.02793338522288761,0.024064098121457385,0.03326944048679678,0.03530671595536525,0.0,0.06444101525114021,0.05760936681784595,0.004137658496021546,0.010049616807303097,0.09979248582911317,0.35970135708358053,0.6402986429164195
LI1010_T,0.18,0.02,0.0,0.021079201730861155,0.15,0.03624391681133975,0.0,0.10302702903678419,0.0,0.22,0.0,0.0,0.2,0.13631323605135257,0.03127984242028912,0.030442744831580403,0.051965028989110665,0.0,0.02607965303160464,0.03808260830866672,0.0065569598970475,0.022116734175544328,0.1525424616527885,0.13864580064455675,0.18428111509868692,0.8157188849013131
LOREK0707_T,0.0191620213873145,0.004315669733131532,0.0,0.002609269825992103,0.2,0.005053636530451912,0.0,0.061727310886315556,0.027179377824560376,0.18,0.01,0.0,0.05,0.05029801208680295,0.027193933759740663,0.0,0.03163296852659306,0.03,0.00828823424364009,0.05893484083011402,0.03602059885738185,0.0,0.06301529947759876,0.12456397069199612,0.34951321632258114,0.6504867836774189
LUSTB0510_T1,0.14,0.0,0.0,0.00747928175924717,0.35,0.03872941230592627,0.01347460439330365,0.04,0.0,0.05,0.08697110520834092,0.0,0.15,0.028924296936122022,0.02,0.029598036429620764,0.016406206694580757,0.1613030143078791,0.009059782010121344,0.02990757833648322,0.0,0.12,0.07,0.14626510008379268,0.19054805218782828,0.8094519478121718
LUSTB0510_T2,0.15,0.0,0.0,0.008751010093396908,0.3,0.03670233142941957,0.006933031120219507,0.03,0.0,0.15,0.05396777080525708,0.0,0.15,0.030328711929426856,0.0,0.0,0.02589572075800464,0.13090659632331283,0.006220279525656471,0.020117911903418273,0.0,0.03,0.06,0.1412352585798653,0.23414693142398255,0.7658530685760174
MAKAS0507_T,0.16,0.0,0.0,0.026126938137960118,0.027999999999999997,0.002203516925731827,0.009028071383960824,0.0,0.0,0.0,0.01,0.0,0.055999999999999994,0.01,0.022525030110349717,0.0,0.01093584560750948,0.0,0.0070057139440560185,0.0,0.023103370647709363,0.01,0.0,0.06424905160471125,0.6319963173000934,0.3680036826999066
MOEHL0611_T,0.0,0.0,0.0,0.0,0.146,0.06,0.0,0.051609547327215274,0.026861192449287523,0.042,0.08,0.0,0.083,0.05866963549505418,0.02723379139716517,0.010894937498489639,0.03123982736380052,0.04870139412073318,0.02252618746488857,0.02918076166238487,0.00571700274378123,0.011134206830915927,0.07020206518302044,0.11767978874658233,0.38256227672058374,0.6174377232794163
MURAO0106_T,0.057774856672079114,0.0,0.0,0.008653132970351132,0.135,0.004828113538467588,0.019275550928670924,0.0012628192991284704,0.0,0.0,0.06467728892753685,0.0,0.22,0.0236853195065869,0.027000000000000003,0.0,0.001497822507941577,0.0,0.0020240680362067177,0.0,0.034676108593848204,0.004142895304896699,0.0,0.11730713181033428,0.46153036467703085,0.5384696353229692
OHM0507_T,0.073,0.018000000000000002,0.018000000000000002,0.010876796285690436,0.09616020032807476,0.0017321429517782178,0.0027613693073802884,0.026164378353668458,0.01829336285031283,0.054000000000000006,0.055,0.0,0.036000000000000004,0.036000000000000004,0.02367416259535683,0.009120803573956244,0.012198405458657025,0.0,0.005268607709782912,0.017815991614103216,0.018000000000000002,0.0,0.015459114598684057,0.0881605179941041,0.5200949942307315,0.47990500576926853
PARK0304_T,0.1,0.0,0.0,0.006472825657840234,0.049,0.11708976320002254,0.014563977965545778,0.04672703527419138,0.03437880226512372,0.049,0.5,0.0,0.07,0.13513592906750344,0.02090745308427352,0.004402349635525351,0.00740500796218355,0.0,0.016315901106902394,0.06143037863474579,0.12602922162205654,0.001869967167573039,0.013891108503793798,0.10987806321140786,0.17816131161804863,0.8218386883819514
PARK0406_T,0.23399999999999999,0.0,0.0,0.0219606389245722,0.192,0.0,0.011426912211407347,0.010341676392293345,0.0,0.021,0.00043942019055218107,0.0,0.149,0.0,0.017011498920795693,0.0,0.0,0.0,0.0,0.0,0.021,0.019791458518280736,0.058601388341008975,0.10332319728244296,0.3927091324536519,0.6072908675463481
PARK0308_T,0.11800000000000001,0.0,0.0,0.010781684073236186,0.059000000000000004,0.004372936584704272,0.019974444129343138,0.031041562105920364,0.0,0.098,0.02,0.0,0.196,0.039,0.019316106140010145,0.0,0.010070733749917817,0.02,0.0,0.0456253694940813,0.039,0.0,0.035397075153277696,0.09083774225925847,0.4056889506697907,0.5943110493302093
PARK0411_T,0.18,0.07,0.02,0.033091342328067874,0.159,0.0016818825135359802,0.013340904683011587,0.034390127632251244,0.0,0.045,0.0,0.0,0.159,0.0,0.022201166590339175,0.03788972293482829,0.02105622486545612,0.0,0.016896503264162158,0.18,0.02274296351258409,0.01408698775356021,0.17707332977076345,0.12211054247245595,0.23990265223172233,0.7600973477682776
RAO0510_T1,0.14175264098326404,0.0,0.00736247048035313,0.011068299407210111,0.09,0.02079310675976278,0.0,0.03,0.03201523034885891,0.2,0.06,0.0,0.03,0.06,0.029396188207911934,0.0,0.04931320910189205,0.06,0.021235797450177046,0.03,0.03,0.0037520881881909496,0.09,0.0980154568811478,0.31570377115534387,0.6842962288446561
ROSAE0607_T,0.11,0.0,0.0,0.012708393448490354,0.107,0.013264828608639416,0.0044292251160776884,0.04051822377194671,0.01111272835421305,0.071,0.071,0.0,0.071,0.04284137015773946,0.02455151734487599,0.0022679364563435583,0.018842033737541907,0.0,0.011187679964970863,0.039956182023479586,0.02887982189656725,0.012053703799741189,0.04838141222671197,0.10151486294713663,0.4173654467741423,0.5826345532258577
SATO0910_T,0.516,0.065,0.032,0.05085872422904717,0.355,0.03034889855240249,0.01412331854501013,0.09463911970989007,0.06827516339893042,0.09699999999999999,0.050595236839433816,0.0,0.161,0.032,0.02665402892118039,0.07824113118871823,0.015912643686046387,0.04771114031455362,0.004084561019334176,0.05107077246395447,0.0,0.0,0.03642394004170077,0.21866342932464766,0.09007706450385801,0.909922935496142
SCHON0808_T,0.02,0.0,0.0,0.010255947200156308,0.06,0.006489983341301735,0.00036626955222842685,0.04029647147020473,0.013767970306178386,0.07744599125935493,0.0,0.0,0.06,0.05772302447212233,0.02,0.007913616447653982,0.023667144700602567,0.0,0.014436541132109574,0.02861591458076307,0.00576677994636271,0.011582847273748975,0.07019039790402548,0.08084649962264234,0.5345201376815679,0.4654798623184321
SHAHN1106_T,0.04,0.0,0.0,0.023,0.17,0.08962616716351085,0.0,0.28,0.0630315737919426,0.213,0.07802256207764655,0.0,0.085,0.13,0.04,0.0,0.04735404893297741,0.04,0.03251213334243316,0.14035317232525696,0.059142326915837574,0.0,0.27,0.15292151839431806,0.11731850101048484,0.8826814989895152
SYM1208_T,0.39,0.0,0.0,0.028556778849057635,0.24,0.028689057285998416,0.0,0.04050263289708509,0.037946296859234535,0.08425899579785746,0.05787819654623097,0.0,0.11,0.0,0.02586020534646492,0.0,0.03617355469204886,0.0,0.02537731728923615,0.13,0.026000000000000002,0.02389175288822004,0.1883205447047952,0.14678995845883633,0.16251943262255292,0.837480567377447
TAKIA0108_T,0.0,0.0,0.028999999999999998,0.0,0.086,0.0,0.0027040536218355922,0.06119851766224546,0.03182604303014045,0.028999999999999998,0.0,0.0,0.028999999999999998,0.086,0.0,0.0,0.0,0.028999999999999998,0.0,0.0,0.0,0.014353580337706562,0.0,0.0850763864896775,0.6070528650318379,0.39294713496816214
TEBBU0210_T1,0.005243001254431848,0.0,0.005574332784107873,0.0,0.22,0.0,0.011357767585814249,0.07883230259600857,0.0,0.18,0.08,0.0,0.14,0.06102595038885531,0.0218915817631311,0.09353838496217595,0.012519290205116978,0.02,0.0,0.057395839868692705,0.0,0.014704503603204189,0.06692722711949622,0.12572030153411196,0.27827127808441204,0.7217287219155879
TEBBU0210_T2,0.0,0.0,0.0030005736340524944,0.0,0.09,0.0,0.004197988451150582,0.0596563452647611,0.009284942235454136,0.09,0.05,0.0,0.07,0.06874026461137947,0.02401127136113959,0.04185701962703788,0.008934061145098173,0.02,0.0,0.059225745298154886,0.001551846143551465,0.00965127338366939,0.0014332853482835889,0.09708861950738112,0.4800522251736547,0.5199477748263452
THUSS0711_T1,0.28622482338412214,0.0,0.011676736823537254,0.022527349948296332,0.15,0.07249996893939623,0.0,0.05,0.011778773498290953,0.1,0.2,0.0,0.125,0.06270799995303131,0.025954450150006032,0.025,0.03602466610255935,0.05,0.026020902419003972,0.04230096075507084,0.003557789512571817,0.022257386880250418,0.075,0.13722834150381996,0.19008924014333148,0.8099107598566685
THUSS0711_T2,0.15106296648125694,0.0,0.0083774362576742,0.012974860291112179,0.098,0.016169647595608343,0.0077430385357381065,0.039,0.021359093921249905,0.059000000000000004,0.078,0.0,0.02,0.02959847927423894,0.023539174845331377,0.02,0.011201874825919542,0.02,0.005718969270658773,0.002134698300719967,0.04564533785707408,0.0006716676370266961,0.0,0.08937843367044902,0.4536255010609807,0.5463744989390193
WOOE1104_T,0.09345694394803256,0.0,0.0,0.015070223952826816,0.03,0.01285475107351565,0.0,0.0,0.02788121122945616,0.03826952160546657,0.0,0.0,0.031,0.0,0.02168921833788316,0.031188939026039697,0.009264970853327777,0.0036687857508362898,0.0,0.038279754674565014,0.018135008922924335,0.0007023334285556349,0.03757876000628743,0.08229696793654612,0.6039249145816897,0.39607508541831027
YAMAG0606_T,0.348,0.0295305845111352,0.022000000000000002,0.03027170502624133,0.22,0.011554048400406226,0.0019398896789507318,0.005971262874965341,0.08874905822577875,0.0,0.03949744018908716,0.0,0.04,0.17,0.02709579229528267,0.0,0.005671732456540988,0.022000000000000002,0.007926977409375448,0.05448817215584251,0.0,0.015060445470641004,0.06306145466191262,0.14361675455684803,0.2245151008909204,0.7754848991090796
YOSHA0606_T,0.3523310141710692,0.0,0.013785314309481078,0.02215897649275253,0.146,0.021,0.012727100075935395,0.021,0.03273677305250846,0.063,0.0,0.0,0.083,0.047313918075017315,0.027833483617550205,0.025592440716942694,0.0284151074764853,0.0,0.014051996175220974,0.021,0.021,0.0013754295370856373,0.03916983035562016,0.1321403418067105,0.2894253360153021,0.7105746639846979
ZANG0508_T,0.395,0.0,0.047,0.017857694142877724,0.023,0.011987100926867895,0.0221129515295934,0.0,0.0,0.0,0.0,0.0,0.26,0.023,0.01692769438956478,0.0,0.0,0.0,0.002404079742668927,0.0,0.020381845519428315,0.014610391785036092,0.023,0.08883179927595325,0.3256813557986577,0.6743186442013422
AJANI0798_T,0.0,0.0,0.0025326473873042024,0.0,0.0,0.03903188836184738,0.004383571719976183,0.013332363327375349,0.04024192288442903,0.3,0.03,0.0,0.067,0.04851703082748101,0.03615780730370867,0.0,0.09958618514310139,0.067,0.056885045800538006,0.3,0.11681509953882518,0.00460957311583815,0.3632493947527074,0.09454819858555212,0.1475900275664322,0.8524099724335679
AJANI0300_T,0.0,0.0,0.007659243389934345,0.0,0.07,0.0,0.0,0.0,0.054002137981932895,0.07707051198063511,0.05922641037747742,0.0,0.12223820563208326,0.27,0.03361530863165715,0.0,0.04321501567326923,0.0,0.03288308569664544,0.14,0.0,0.040666789377313106,0.139734857280004,0.14607875381113078,0.26323798170194634,0.7367620182980537
AJANI0202_T,0.15,0.0001444979424307562,0.01847913280183911,0.004534586137654858,0.22,0.03409110656137978,0.0,0.12130814304964004,0.02842173057679074,0.41,0.051541673908243074,0.0,0.04,0.07342131526093756,0.030744161051654166,0.036607342521862866,0.0504999176220438,0.0,0.00418132779904683,0.02,0.05051694752657892,0.014823883868567922,0.045065839362540605,0.13348788890990249,0.17805046363070334,0.8219495363692967
BAJET1003_T,0.289,0.026000000000000002,0.0,0.026498515174621463,0.08,0.000673668111842253,0.0037446085189785025,0.012936335242887398,0.009644975603063849,0.05,0.0,0.0,0.06872214649828512,0.08,0.026677200081849144,0.0,0.025160802397296244,0.020511232065108187,0.014033753757711705,0.0069152102995658216,0.011360439710354171,0.0,0.033210728644494536,0.08978607085381012,0.38896345910937746,0.6110365408906225
BOKEM0497_T,0.02432336206739892,0.0,0.0,0.005752949750631405,0.05,0.0,0.0009990359696785299,0.0453517254218352,0.0032422436452680947,0.08877613115825655,0.0,0.0,0.09,0.07759545462881035,0.026881352035983054,0.02152973890187123,0.022162333806804106,0.0,0.013838898708291615,0.0,0.0,0.009702460363970156,0.059406139250164164,0.0857802644701102,0.5239105545041712,0.47608944549582877
CAO0409_T,0.106,0.0,0.0,0.023915674024918954,0.106,0.025775870222806196,0.0,0.000817256550344328,0.03684251897850086,0.04774422259638904,0.0,0.0,0.043,0.0,0.020805626423784165,0.019790281121737627,0.01202135396747626,0.0,0.0,0.04405420780261876,0.040009851657015136,0.0,0.07759782580655036,0.1013843367590217,0.48079379660369564,0.5192062033963043
CELIO0209_T,0.11,0.02,0.0,0.017372977012799905,0.023,0.0018375848797662075,0.0,0.038948777829324266,0.01344446482781187,0.068,0.02,0.0,0.045,0.09,0.026720060258746372,0.003306360465125391,0.022062854119638906,0.02,0.01612756809590419,0.023780823352362868,0.007823235156328545,0.023576738288947963,0.07509249144738944,0.06547536117655914,0.47032083883969034,0.5296791611603097
CHEN0409_T,0.0,0.018000000000000002,0.018000000000000002,0.009526909348702874,0.255,0.013707308345256138,0.0013354025317803804,0.09773873145238214,0.006404951068841029,0.036000000000000004,0.021934512975581105,0.0,0.163,0.073,0.028517029921020176,0.01992881133195184,0.0316512330294392,0.127,0.018849290916778005,0.05791408216222099,0.00010420107382971139,0.0,0.05334737600174386,0.1779934254718608,0.2660878635226588,0.7339121364773412
CHO0602_T,0.0,0.0,0.009914546349900804,0.0,0.06786433043115447,0.005414235911041405,0.006569699930598794,0.012822077415759539,0.009970085056126426,0.06387865952109247,0.0,0.0,0.07576773629207323,0.013147987815140781,0.02622431778357474,0.03582377059547059,0.023744744074656748,0.0,0.009561083143533242,0.0,0.0,0.0032929578464774845,0.0,0.1027299240849967,0.6177853980254953,0.38221460197450474
CHO0705_T,0.25,0.0,0.0,0.018621928709443146,0.09,0.021936754689153355,0.01883111964311151,0.0,0.0,0.0,0.04,0.0,0.19,0.0,0.017331238593099273,0.05578179343844625,0.0,0.02,0.001958013791985367,0.007179127796062723,0.0,0.02,0.02,0.09946059418553639,0.389480878555316,0.610519121444684
CHOI0110_T,0.04,0.0,0.0,0.005091774510935883,0.217,0.0025921899951394864,7.108067084248774e-05,0.07316350741903441,0.08410437906683774,0.13,0.0,0.0,0.0,0.02,0.026158641567325454,0.027333736578437157,0.013605476854886896,0.0,0.0025477245027663636,0.03975520334714294,0.0,0.0,0.08288966099842679,0.12079546878171232,0.3895297757898068,0.6104702242101931
CHOLL0603_T,0.0,0.0,0.0,0.0016279766905358223,0.04665868460238076,0.03533554615891162,0.0,0.0,0.04,0.0,0.13,0.0,0.07,0.04,0.04,0.0,0.03991531876588787,0.043,0.04,0.0,0.0,0.0,0.12905190856815102,0.10929329190059811,0.4497308703590706,0.5502691296409294
CHUN0405_T,0.127,0.0,0.018000000000000002,0.006649692401108817,0.255,0.028769095965352598,0.01605620674781205,0.004122450433594271,0.011474307068703886,0.0,0.036000000000000004,0.0,0.091,0.036000000000000004,0.020186510940015487,0.036000000000000004,0.008883779389014447,0.018000000000000002,0.0,0.0,0.018000000000000002,0.01606502726065484,0.0,0.11156510415981984,0.3978772303134465,0.6021227696865534
COMEL0209_T,0.35,0.0,0.00903296507732272,0.027921942603214588,0.1,0.000914917988779379,0.0,0.020946964549816538,0.014034122524848019,0.0,0.022206867276129666,0.0,0.07,0.02,0.022427810685422666,0.0022029633905224916,0.010163762149734901,0.02,0.00838671447852574,0.03032470347024277,0.0024400980907786293,0.02,0.046492348647341974,0.10096580130610644,0.369281366017292,0.630718633982708
CONST0302_T,0.4,0.009139037405414153,0.067,0.027072694759359507,0.067,0.0,0.007377041311569362,0.03365173005899379,0.0,0.07387512566364107,0.0325354006477703,0.0,0.1,0.04065189321214772,0.023833385852557093,0.0010509896277986416,0.024597531767189953,0.0008032615662613984,0.018682890326132743,0.06938964416463332,0.033,0.033,0.134,0.08178841138821649,0.24112486242697675,0.7588751375730233
DELAN0304_T,0.4341914950898432,0.275,0.01133001048159815,0.07096007874311781,0.0,0.0023634089938694217,0.0,0.025565536674738196,0.01922619847339415,0.0758675046427415,0.03022725742304816,0.0,0.0,0.05,0.02608541273029468,0.0,0.019207021236090593,0.0,0.010120006111288545,0.0,0.022358375356602136,0.0,0.022373919271517106,0.060230605668775146,0.25975828812132756,0.7402417118786724
DILAU0309_T,0.15,0.0,0.0,0.018990256299411305,0.05,0.0,0.004209629979418469,0.0,0.0,0.05,0.022258673713395044,0.0,0.06846069696585669,0.028868832928380044,0.025164182474876683,0.0008601309101789745,0.02663241031284321,0.05,0.01590781895495316,0.02715885481221547,0.01068955316777477,0.010329559604264682,0.050400094035020215,0.08103766660175005,0.48832387654351633,0.5116761234564837
DOI0410_T,0.03937676069858108,0.1629308711175991,0.019,0.038,0.057,0.00025324307229996484,0.0029581763936197937,0.018561474288515636,0.017154088217711104,0.057,0.0,0.0,0.07593505617368729,0.094,0.027208797626498978,0.0,0.025735086690653237,0.019,0.01856696011903194,0.03951881852496858,0.000343071136026947,0.021833311561551105,0.09162735648678963,0.08971553364281563,0.3849326554819378,0.6150673445180622
ELRAY0310_T,0.21,0.6576796831883203,0.0,0.1618065513232099,0.11,0.019212260325549027,0.008293567457070324,0.05,0.007215983076870776,0.05,0.0,0.0,0.053,0.0,0.0,0.0,0.009306274940629296,0.08,0.0024500345792426203,0.0,0.05422607430406349,0.003690566162834086,0.03,0.0798474321121466,0.1273148942640397,0.8726851057359604
EMI1008_T,0.028999999999999998,0.0,0.015,0.007994010422733303,0.015,0.0,0.0057617667058294745,0.02412056495481156,0.010847653754672469,0.044000000000000004,0.01927677766658506,0.0,0.0,0.028323693120833666,0.0233530687595105,0.0011305144862722785,0.008910441956169971,0.0,0.0038321495714124095,0.0,0.03645000916269174,0.004744967366255792,0.01264695675306901,0.050209513507213546,0.707754170568808,0.29224582943119204
FELIC0106_T,0.22,0.0,0.0,0.01847152092780415,0.11900000000000001,0.004970804667141601,0.00606093356082033,0.017,0.02436949458302469,0.051,0.05141581931052308,0.0,0.034,0.025009698243874647,0.0220248573619291,0.019093752863905356,0.007793705690958285,0.034,0.002022657658764057,0.005956015949650145,0.0,0.006313905447252133,0.017,0.08300526206039913,0.4431570671088282,0.5568429328911718
GARCI0601_T,0.048,0.0,0.007556747596460611,0.0015225523451860984,0.0,0.0,0.007229239587574808,0.007731930634121351,0.004720215990963719,0.0,0.0,0.0,0.0,0.017870586421748387,0.02250501606834906,0.0,0.006551661368934727,0.0,0.00501826906511471,0.0,0.03757086155891984,0.004163186345664427,0.015523366070962094,0.04210997655573737,0.7932785683116635,0.20672143168833645
GIORD0206_T,0.53,0.38960988806405206,0.0,0.1302071225728008,0.09,0.04,0.01715664115735267,0.04,0.0006518134866564766,0.04,0.07,0.0,0.13,0.06073666710792302,0.02736513417608083,0.01165006649047385,0.03511762356601719,0.02,0.02234920652185494,0.09,0.07,0.015318652123853416,0.09,0.12325808809138955,0.08860229730255273,0.9113977026974472
GNADV0305_T,0.05434044696394831,0.0,0.0,0.009401799071547617,0.08,0.0,0.0,0.02259575763343051,0.02612508020076789,0.07580828199475778,0.0,0.0,0.038,0.027310081266462095,0.0,0.0,0.02299224178847684,0.01870413007861002,0.01392246559802338,0.03377199088914379,0.0,0.038,0.08417688070636298,0.08710324089692872,0.5212020887067986,0.4787979112932014
HARA1011_T,0.311,0.0,0.0,0.02612067826448545,0.133,0.004723262143275314,0.021885107489857482,0.05770150121417421,0.0,0.044000000000000004,0.16112365700391923,0.0,0.222,0.044000000000000004,0.021920353166303252,0.00494742629779946,0.007780647883826191,0.0,0.006103596700521374,0.03588294206953935,0.05153520622577337,0.0,0.023029999648256166,0.156,0.23035770043217232,0.7696422995678277
HONEC0602_T,0.0,0.0,0.0,0.0,0.21,0.0,0.002202780602708322,0.06516875239497211,0.0,0.03,0.0,0.0,0.1,0.0768028619528775,0.0,0.0,0.0,0.1,0.0,0.0,0.0005034309291174835,0.03,0.013526155502566861,0.11973326029274797,0.4499939897902583,0.5500060102097417
HWANG0308_T,0.091,0.018000000000000002,0.0,0.009014584790710215,0.036000000000000004,0.028926344893067266,0.011624721068011313,0.04596332997359895,0.0,0.036000000000000004,0.036000000000000004,0.0,0.2,0.06358650437643917,0.02439336880710463,0.03504606292322913,0.025705818840045695,0.073,0.017739090266150524,0.05374348779604449,0.016724467857010355,0.0,0.07175241851320946,0.11261620118180289,0.3479428900165814,0.6520571099834186
ICLI0497_T,0.209046087024156,0.021,0.042,0.02078682533678572,0.064,0.01982687416917215,0.0,0.0,0.031233150721860448,0.058376900016739786,0.05202610557588652,0.0,0.0,0.0,0.022929805713863285,0.014798338193184019,0.013671364519849283,0.0,0.0027354024524026384,1.8236466187704359e-06,0.02422244127611565,0.0,0.0,0.08008891456857363,0.4898091000950484,0.5101908999049516
ICLI1298_T1,0.049779010781373145,0.0,0.01641211892582603,0.0007744462291903766,0.016,0.0,0.005060296681291027,0.0,0.010959949448930681,0.0,0.030998436686894476,0.0,0.016,0.032,0.02268805227161617,0.0,0.009004652484325321,0.0,0.007445006624146054,0.024868393021952262,0.02735927974753936,0.016,0.026990261113348124,0.058749635451606524,0.6857953227145406,0.3142046772854594
ICLI1298_T2,0.023299818836774608,0.0,0.011685931129897438,0.0003378141023231921,0.015,0.0,0.0019365169064047552,0.0,0.01996324047350844,0.015,0.03882525805346676,0.0,0.015,0.03,0.02273406607282004,0.0,0.01133493331000279,0.0,0.011046463857365393,0.029083228311152343,0.01942469301442065,0.03,0.06451024814203649,0.06075705126418547,0.652052136325269,0.34794786367473096
IM0208_T,0.36700000000000005,0.017,0.0,0.022011862757336485,0.0,0.004272953631446693,0.0,0.007734769174210912,0.004116342435205407,0.05601436141596759,0.0,0.0,0.033,0.0,0.022702180583514104,0.015930691282118638,0.015263775429930824,0.05,0.003053030613175827,0.04051133478786931,0.015397555951627027,0.0,0.015059406391631766,0.06842330328607123,0.4249687196827941,0.575031280317206
IM1209_T,0.1422714202036736,0.0,0.019,0.008485166018254305,0.038,0.007154935570019928,0.0037286793882375306,0.022397844416529963,0.01829757642497689,0.057999999999999996,0.025650709772648453,0.0,0.0,0.0,0.02285560618604414,0.0028536178237181624,0.01050520997608672,0.0,0.004221308294049888,0.0,0.02133323918379591,0.0036571070500003855,0.02518688932357127,0.05546422246993353,0.6027501390788155,0.3972498609211845
IM0210_T,0.075,0.0,0.0,0.016811091597540226,0.05,0.0008468037271646967,0.002558606187843484,0.0109745325620898,0.011473700592744968,0.0,0.0,0.0,0.05,0.032559773193539567,0.0237922377393167,0.0,0.011814145315755292,0.0,0.009268977986216186,0.023732066129886098,0.007411016119400031,0.007182942641621171,0.033800343962633025,0.08264798377239832,0.6305397694218844,0.3694602305781156
IMAMU1006_T,0.35,0.03,0.06,0.02830982441994597,0.03,0.0006594555768470109,0.003548592197531767,0.0005668139214165396,0.0,0.0,0.016278972898659566,0.0,0.05896520946265019,0.0,0.02078842237624623,0.005405988137717338,0.007520757228540606,0.028338222817497455,0.00478989602048534,0.03,0.009760725963013785,0.0,0.019037736473931532,0.07012777672322437,0.4214777844672002,0.5785222155327998
IWASE0305_T,0.08819259886330727,0.0,0.0,0.014812988336142354,0.05,0.002159014893291733,0.0,0.021029410074835928,0.018862822448315976,0.07999382323931394,0.0,0.0,0.02,0.02,0.025807332865667828,0.0,0.02410806458553372,0.0,0.011056426439675433,0.023101873787818056,0.023341665464128712,0.0,0.04257369406363745,0.07938729500940571,0.5714014802477135,0.42859851975228647
IWASE0611_T,0.079,0.016,0.016,0.017824069790533234,0.0,0.0017728091309831759,0.010135240177635594,0.0,0.0,0.0,0.0,0.0,0.0,0.0,0.019943014883414892,0.0,0.0,0.0,0.0,0.009836825449841768,0.05025238734427816,0.0,0.00995839644194324,0.034039537466239465,0.7628224704287077,0.23717752957129234
JATOI0102_T,0.15144554462845233,0.0,0.020235658610109564,0.007577797464720118,0.043,0.024492547317072767,0.0331063387534635,0.00746167018842292,0.0,0.043,0.060064123038826606,0.0,0.37,0.04931404101721044,0.016109404741150055,0.0369395870615997,0.0014529635160478952,0.026405204029991303,0.002492269880027153,0.022000000000000002,0.065,0.0006750752049495268,0.025338746462760575,0.12765448814259556,0.28432624003680146,0.7156737599631986
JEONG0208_T,0.04,0.0,0.0,0.002842628617254559,0.04,0.0,0.0001233830708909124,0.01955008085332001,0.025553415643575404,0.07248717502500765,0.0,0.0,0.0,0.02,0.024238856573827856,0.0008936034562815678,0.02084770019593857,0.04,0.014131928348363496,0.027477698247030724,0.009695632639560518,0.04,0.10206092936908051,0.05447804949466806,0.5658946099327974,0.4341053900672026
JEUNG0106_T,0.561,0.015,0.0,0.03237017225001846,0.045,0.0,0.012349997349100885,0.0,0.0,0.015,0.0,0.0,0.11599999999999999,0.015,0.01844722768393592,0.0,0.0005126429392146511,0.015,0.0,0.003940323090707798,0.021302135242481195,0.0,0.01685344463289129,0.061616881859156064,0.2941716403190461,0.7058283596809539
JEUNG0207_T,0.106,0.043,0.0,0.016103876051448883,0.149,0.0017501495725933264,0.005094616154009433,0.05152740677639168,0.03193794839028246,0.0741184305083024,0.0,0.0,0.064,0.021,0.02391080833070707,0.01808041500118155,0.00939656663303293,0.021,0.0015656334266384011,0.021,0.001966207586993625,0.0,0.03159513151528093,0.10902629829877565,0.4336192148470331,0.566380785152967
JUNG0209_T,0.0,0.0,0.0,0.0,0.033,0.006546722168685418,0.0030382414144974777,0.022895656036114,0.00776685835911042,0.07970109161281369,0.02061275910002891,0.0,0.033,0.0,0.025309862007655285,0.0014611543777707653,0.02553711912163471,0.0,0.013833912899636099,0.022585873567710912,0.025430615140646515,0.0,0.05419212761696346,0.07158359144470082,0.6331417110010329,0.3668582889989671
KAKEJ0609_T,0.114,0.0,0.0,0.005921076985015253,0.114,0.005521312223913395,0.007316039763489674,0.021747985379159077,0.037676090630521526,0.028999999999999998,0.0,0.0,0.0,0.0,0.0,0.04029896355049713,0.003435844913459194,0.04210814410547872,0.0,0.0,0.004843698877886153,0.0091627334030705,0.014225122482984048,0.07677887777088517,0.5789230830523587,0.42107691694764127
KANG0309_T,0.068,0.023,0.045,0.0034441790812156812,0.091,0.006529984199504298,6.237789222164093e-05,0.022005271203217894,0.015499681504433632,0.068,0.0,0.0,0.06969464912606071,0.023,0.026214914138442694,0.0,0.0283779438400121,0.0,0.016135904682030838,0.045,0.01045039952102577,0.012685520168502218,0.07553893737570186,0.10091222443014096,0.4607635990501012,0.5392364009498988
KANG0910_T,0.275,0.0,0.0,0.029666048906463502,0.175,0.029020577064876228,0.01736276317275809,0.10197665498282894,0.059689420284156906,0.375,0.025,0.0,0.1,0.09661538921245852,0.04226162814003458,0.0,0.10145285081026012,0.1,0.03740582920635808,0.125,0.11623197100711352,0.017997230726431945,0.1487013731929584,0.194206478702699,0.08997326022265956,0.9100267397773405
KATO0711_T,0.24600000000000002,0.0,0.018000000000000002,0.018000000000000002,0.018000000000000002,0.02022243605323104,0.0006960218765849719,0.011709083898281528,0.018890111673649027,0.036000000000000004,0.018000000000000002,0.0,0.0,0.0,0.024063457346724788,0.00026443942506406554,0.019725925112586303,0.018000000000000002,0.014235904905962802,0.018000000000000002,0.018000000000000002,0.011717666173458874,0.06818620040021445,0.05063578095707087,0.5008718445473401,0.49912815545265987
KATZ0891_T,0.3976841007479625,0.03,0.07,0.035160989770743376,0.0,0.06520304946819241,0.06932348401341493,0.0,0.0,0.3337862895323584,0.2610943443889421,0.0,0.69,0.1307588662611617,0.01906712999508312,0.11003473226071137,0.03634556620632941,0.0,0.007597842821857684,0.1314820192970419,0.17346665564145625,0.0,0.0,0.21857431775703953,0.028333659439422235,0.9716663405605778
KIM1099_T,0.0,0.0,0.0,0.0,0.0,0.04434438447511962,0.01180870880942653,0.08201591881361,0.0,0.15212049975454583,0.09614800157001305,0.0,0.16736888502402594,0.0,0.0,0.08724747083277619,0.000841313430368737,0.0,0.0,0.0007855602045509502,0.017405443071542577,0.0,0.03291387824589723,0.0567430528720339,0.45183244649426463,0.5481675535057353
KIM1202_T,0.05,0.025,0.019,0.013239206137402986,0.05,0.02863505692941451,0.004293300643303285,0.026921846397980953,0.04039893762051016,0.06922701008743518,0.075,0.0,0.0,0.05,0.028154568398991244,0.006630192731200673,0.031588567411353796,0.0,0.017813704431592102,0.04681918540300578,0.053139150836060856,0.012940352377782183,0.05229317435039077,0.08838783694179717,0.4446773689172385,0.5553226310827615
KIM0705_T,0.032,0.0,0.0,0.007975329629146396,0.032,0.007803128106822491,0.004995372107124493,0.016138631390020974,0.0,0.032,0.032,0.0,0.065,0.02714845986645712,0.023288549505845232,0.0001395934201897167,0.013002732932176249,0.0,0.009035450841449275,0.0,0.006596470716448734,0.003994635737744501,0.02713850243079835,0.07370888700644657,0.6553971583438817,0.3446028416561183
KIM1107_T,0.0,0.0,0.039,0.0022383852298946457,0.0,0.0,0.0005039312362213411,0.011647715996554994,0.015556799952109342,0.02,0.03195597507591977,0.0,0.0,0.02434045101458398,0.022913367813680714,0.0,0.008220957251899981,0.0,0.006101403620783816,0.0,0.021137175063165668,0.006714687488173776,0.02128456228020449,0.053063451912298595,0.7490596960392876,0.25094030396071243
KIM1208_T,0.191,0.0,0.0,0.0077384873655805386,0.106,0.0,0.012259594143040873,0.0,0.0,0.0,0.0,0.0,0.149,0.01828587261772064,0.017570763542502,0.014059386568459287,0.0,0.085,0.0,0.021,0.016072188480241403,0.002923649414250884,0.013417878287996537,0.0838872784282824,0.45561628188939624,0.5443837181106037
KINDL0804_T,0.0,0.0,0.0,0.0,0.0,0.038266732822621295,0.004135260642755492,0.05633613222782192,0.0004183657959754075,0.07,0.043406059766444155,0.0,0.07,0.07,0.026180929229081204,0.07,0.019284841269205603,0.011953298470785939,0.009886977084594555,0.010041272483462899,0.010658672016526795,0.009424994601235637,0.004120377215060617,0.07532965207986407,0.5396072800912515,0.4603927199087485
KODER0707_T,0.044000000000000004,0.0,0.0,0.008064544275826601,0.11,0.0,0.005513488098574602,0.05574084587010926,0.03983294962262616,0.07484886951927533,0.018225490810647033,0.0,0.022000000000000002,0.022000000000000002,0.024411258459241754,0.005622666563569242,0.009532851662862194,0.022000000000000002,0.0011598090988514066,0.022000000000000002,0.022000000000000002,0.0010730633939083911,0.025384257629880627,0.09101414597169624,0.5252490472166967,0.47475095278330326
KOIZU0303_T,0.0,0.0,0.0,0.0,0.0,0.00020254282179388294,0.009532912333379145,0.04790563468991703,0.0,0.06503718533497127,0.031,0.0,0.025937860201929175,0.063,0.0202348817650747,0.03434595276163774,0.003111134473613421,0.009632286474332091,0.004934319995744666,0.04323419699434761,0.029920934736598077,0.031,0.08222433750583966,0.031,0.5795778965024332,0.4204221034975668
KOIZU0809_T,0.0,0.0,0.0,0.0,0.12,0.00046723460873315803,0.005869493324393863,0.04105193687908987,0.029478681625987747,0.06,0.0,0.0,0.053197711882942145,0.0,0.024223464247529188,0.0079574185978025,0.013082586120895936,0.01110525129229234,0.004475577748165391,0.03699510367488276,0.009953664462635951,0.0,0.04199935308174252,0.10173251613181825,0.5588939515267408,0.4411060484732592
KOIZU1009_T,0.0,0.0,0.02,0.015890714783871697,0.06,0.00045983273141844,0.004078483737141446,0.01873535109420195,0.029987222123364972,0.06,0.0,0.0,0.02,0.02537135020762305,0.02809875676206615,0.005887398209346823,0.0296599179904147,0.04,0.015576450241368188,0.03894895155411171,0.02609253144371037,0.0,0.043554694190034715,0.08825324833851399,0.5577155710317158,0.44228442896828424
KOIZU1109_T,0.075,0.0,0.05,0.0003030260627164853,0.025,0.0,0.011457636105189274,0.0,0.0,0.0,0.001065493830299885,0.0,0.06328280281787249,0.0,0.020251394061762552,0.0005112446246504712,0.0042938452559192555,0.025,0.001967595791370764,0.0,0.03928042875703809,0.0,0.0016287971942061524,0.05581227959702845,0.6807680631494842,0.31923193685051576
KOIZU0711_T,0.35600000000000004,0.0,0.0,0.032696511416076414,0.07,0.0,0.015400147032119824,0.030271736867101398,0.0,0.02,0.03312107906709204,0.0,0.14,0.05,0.020681646247962194,0.01871383464973079,0.0012752575018980805,0.03120871586261184,0.00044725418150929133,0.03368414283238297,0.03122894194061302,0.0,0.0,0.09453828939061121,0.337344229150507,0.662655770849493
KRUIJ0203_T,0.12,0.04341694182210308,0.0,0.022609915153852134,0.04,0.005758306279306985,0.002477252272043778,0.01752499530080648,0.02325133272980614,0.04,0.03870392940085868,0.0,0.0,0.04262452449667086,0.0235547025219354,0.0,0.009971850519801786,0.0,0.005364763241372178,0.0,0.03664991094481994,0.012106910798669823,0.015782793384642613,0.06146941423795992,0.5613931507300637,0.4386068492699363
KULKE0406_T,0.17116089106160617,0.0,0.01413703315690487,0.013579490584725566,0.19,0.035969028536793894,0.0,0.05511836240079086,0.011448860013899907,0.31,0.09,0.0,0.06,0.055773260704863194,0.0275509019093308,0.03686497897612822,0.05076070762680354,0.13,0.006662120080501459,0.04490594980231072,0.024901786203615738,0.0,0.0036733459731804197,0.12900165408684547,0.20344904618665496,0.7965509538133451
KULKE0606_T,0.03,0.0,0.0,0.008483785548300527,0.03,0.0,0.007201212801781832,0.02383308855449441,0.0,0.03,0.0,0.0,0.03,0.03020546076528164,0.022451278085180403,0.0,0.006359175873200465,0.0,0.002372897092262442,0.0,0.03,0.0038848092195754025,0.0060551884185418015,0.057393198517377994,0.7237057580809295,0.2762942419190705
KUNIS0705_T,0.033,0.0,0.0,0.021780126899372428,0.0,0.00014558232881331512,0.0,0.011981074006451917,0.026527954010998007,0.07405863934152042,0.03947822754186048,0.0,0.0,0.03336197574112439,0.025287305968917213,0.0,0.020724414413932257,0.0,0.010102063833333435,0.04617056834102021,0.01969363448801724,0.0,0.04170910835143947,0.06743705204096209,0.6174802522117396,0.38251974778826037
KUNIS0810_T,0.064,0.0,0.0,0.02187658928155181,0.08800000000000001,0.0,0.005694309567233633,0.017696006058212185,0.0348572719631737,0.0,0.0,0.0,0.0,0.0,0.02167008605121696,0.009536738015774142,0.0004510895134875216,0.0,0.0008430346815079303,0.021359527495859204,0.002356175852287118,0.005466759236573526,0.031528317822924645,0.06676885177524036,0.6684629472527769,0.3315370527472231
LAURO0605_T,0.13,0.0,0.0,0.02021782918700893,0.065,0.0,0.003910784318537751,0.0,0.006988698983430238,0.09,0.018969222355926935,0.0,0.087,0.033196472260414785,0.027016193542109896,0.0,0.034502568067759185,0.0,0.018353329784801118,0.03268401485274952,0.006288388687921288,0.010146092712345789,0.06793877466212878,0.10040398121696412,0.45703513045874405,0.5429648695412559
LEE0805_T,0.281,0.031,0.0,0.02566204758148808,0.0,0.0,0.014749748072426024,0.017820731475942916,0.0,0.08729084090621689,0.02666700224500948,0.0,0.156,0.0,0.0,0.026326676617476313,0.0012076516010737712,0.0,0.0,0.021046037441419196,0.04553778502081929,0.0,0.056559639827678504,0.06290086283967836,0.395681169985005,0.604318830014995
LEE1205_T,0.0,0.0,0.0,0.008328565465550913,0.027000000000000003,0.0052179890937724335,0.0,0.021823788011923237,0.025720231488788874,0.0710826968918844,0.03677748151008195,0.0,0.0,0.03,0.025480979967928388,0.007637163139000917,0.020698465717193918,0.03,0.008695578119197352,0.03528356464099619,0.021909778311446616,0.0,0.01829789030327965,0.07386070511078971,0.6202623447451941,0.37973765525480585
LEE0408_T,0.024,0.0,0.048,0.002537123459221409,0.23800000000000002,0.0,0.0,0.09569988303009727,0.09338078773889416,0.14300000000000002,0.0,0.0,0.0,0.04375080523729071,0.024,0.018705232461997755,0.011938886539587554,0.0,0.0010432781283084757,0.0,0.005044925799591628,0.00671461060945161,0.06145920687804604,0.1360117587179321,0.3594563612972729,0.6405436387027271
LEE0509_T,0.13,0.04,0.04,0.009619309590318202,0.04,0.00022279988556117222,0.007553839777506953,0.015126315526688541,0.0,0.02,0.0396026488053447,0.0,0.07,0.04,0.022049699442081194,0.0029370605549398215,0.007098833946471279,0.02,0.004873631752577954,0.0,0.013971654816338028,0.0,0.0,0.0719414953687204,0.5408433424051192,0.4591566575948808
LEEJ0408_T,0.122,0.0,0.02,0.005277459835734966,0.102,0.0,0.012399163352426891,0.11066322230793502,0.0,0.327,0.0,0.0,0.184,0.053019565687648255,0.040999999999999995,0.040999999999999995,0.03625242542628504,0.08199999999999999,0.0,0.0,0.04664997856213457,0.0,0.01867701613416481,0.11729776709354114,0.23589274724803586,0.7641072527519641
LI1109_T,0.043,0.0,0.0,0.01061689485995553,0.043,0.02241015579024659,0.0017383556850937539,0.022807415564123537,0.01100500674477086,0.17,0.021,0.0,0.043,0.035809030383320735,0.02797500183289316,0.0030236765753868314,0.04176435692218729,0.0,0.018254566560174677,0.030594247050661327,0.040369117354437864,0.006918683466565989,0.08556525426207667,0.0755952246420802,0.4561865517541034,0.5438134482458966
LIU0908_T,0.015,0.0,0.0,0.006516236371492033,0.062,0.003768345673375015,0.003463186226088329,0.025912525768346767,0.0,0.08162985179954971,0.0,0.0,0.060507014219561395,0.0,0.025003561765047207,0.000890049166765286,0.024935285361665106,0.0,0.012271412281194473,0.01989004594001964,0.017317247654949235,0.0,0.047992811901391375,0.08375169088053297,0.6036590431275387,0.3963409568724613
LO0410_T,0.026000000000000002,0.12047585659283688,0.0,0.030037501148509713,0.128,0.022532288590192955,0.0033632171596453637,0.04441973405780397,0.028793809983931752,0.026000000000000002,0.128,0.0,0.026000000000000002,0.02815391696621159,0.022564002638761828,0.002731935089210276,0.007006165133069384,0.026000000000000002,0.005838752644465125,0.005966102106578636,0.03311974836006107,0.014211653868272944,0.0,0.0929601913881046,0.42420372452385796,0.5757962754761421
LUO1211_T,0.0,0.0,0.0,0.0017137954760004688,0.094,0.0,0.008075408495118879,0.0276887600662193,0.0,0.0,0.0,0.0,0.063,0.0,0.02074896003604472,0.012120766864039768,0.001170358313887782,0.021735492756908753,0.00046251272243292944,0.027377161564205138,0.002559146187367009,0.003593555598870035,0.01258215507758094,0.08203071533687993,0.6766261681066841,0.3233738318933159
MACKA0311_T,0.0,0.0,0.0102522794155373,0.0009381648425879482,0.0,0.0060080395140703,0.023761541110848432,0.05,0.0,0.1,0.0,0.0,0.095,0.05,0.05,0.02985021022791659,0.03147312810806126,0.0,0.011279022051217915,0.058134524302487556,0.1,0.0,0.04184751501083657,0.076661958598227,0.46684050714826686,0.5331594928517331
MARTI0496_T,0.0,0.01038285812273941,0.006553528298166667,0.0,0.087,0.00020991313030278153,0.003477453827784434,0.0404615780695001,0.015728922715789347,0.08320137592429323,0.0,0.0,0.043,0.08361919293403072,0.043,0.0,0.03549352927168423,0.087,0.015886097334229,0.04304107384224831,0.043,0.0,0.026766325830834825,0.09867056205091163,0.4524353484418515,0.5475646515581485
MATSU0709_T,0.0,0.0,0.004234232789591195,0.0011679680575640682,0.03,0.0028887704315836114,0.004897609326328997,0.02154780597893112,0.01920846290455599,0.07037207581403639,0.018896856123504502,0.0,0.0,0.0,0.024085858221002784,0.0,0.017542062364866464,0.0,0.008176519967532492,0.029124011619812706,0.035853389899321325,0.0035444875625519345,0.04893023375557318,0.05684491872325795,0.6666426790516417,0.33335732094835835
MAUER0805_T,0.28600000000000003,0.028999999999999998,0.0,0.02735728788674901,0.114,0.00017903588482563043,0.0044018218403526176,0.04262420107142101,0.012141798417145518,0.086,0.030797510283609025,0.0,0.05172297714921298,0.033087400387035566,0.024292656684952632,0.0005368154881463874,0.019238630376232035,0.028999999999999998,0.009667333192919306,0.04384213181870683,0.028999999999999998,0.028999999999999998,0.06393733964691503,0.09214595402957876,0.32189196072040227,0.6781080392795977
MAVRO0800_T,0.23,0.0,0.0,0.01723430735404724,0.03,0.0,0.006868584589147856,0.010344738412965918,0.0,0.03,0.0,0.0,0.1,0.02292007214614849,0.02281412290211182,0.0,0.015076183864573326,0.0,0.01019092679040796,0.0362719494559689,0.018881627430006216,0.005552015196783666,0.054962312292883064,0.08057890683160367,0.47896112260792,0.52103887739208
MEROP1296_T,0.06160685293651259,0.0,0.03,0.006272283837633176,0.03,0.017727880531951477,0.0,0.03476473478968821,0.030256556235411805,0.18,0.06,0.0,0.07009415460530427,0.09,0.03378745071945252,9.815519272572681e-06,0.0596175022695873,0.06506059155570729,0.02955768600993883,0.05720885366912731,0.03,0.005004161212835367,0.08069656115124801,0.125998913189653,0.3171356872403222,0.6828643127596778
MITRY0504_T,0.14300000000000002,0.0,0.0,0.027624589975742533,0.024,0.01217766719062801,0.0,0.022657745808579488,0.017062471832753754,0.0672058346303774,0.024,0.0,0.048,0.022251764890506433,0.02476506542497507,0.024334061204885675,0.019843101353279356,0.0,0.00829074816863224,0.027530434203482113,0.004051713752628229,0.0,0.023592956922752886,0.08766392730747705,0.5219207751058773,0.4780792248941227
MOERT0786_T,0.19374787076282707,0.03,0.019339224659770386,0.014657422880200648,0.015,0.022504848336382888,0.0015516612694621732,0.0,0.004383953775398901,0.08120830340676874,0.03949323438736227,0.0,0.07676456891460703,0.04167780642550945,0.0,0.0,0.035417278810780814,0.0,0.021369872967835137,0.035285809612911834,0.02981593565005663,0.0,0.06801370485425573,0.08804453495964691,0.4240846077330733,0.5759153922669267
MURAD1299_T,0.0,0.0,0.0,0.0,0.0,0.0,0.006102634717844745,0.0,0.009423323488447072,0.07503742040907678,0.024713996747863204,0.0,0.0,0.023199411936183807,0.025459687841962623,0.0,0.025068317986199736,0.032,0.01205278231193534,0.032,0.05253443516019578,0.0049628960038307635,0.034093360572942835,0.054176653638415395,0.6572007422875815,0.3427992577124185
NAGAT0908_T,0.08199999999999999,0.0,0.02,0.006209171393673358,0.061,0.0,0.0047548237611564105,0.026842881338203478,0.02758960865610565,0.02,0.02711042304053242,0.0,0.0,0.0338165029455064,0.02238591349059104,0.004358449117865742,0.0010531102459432132,0.0,0.001036973301821501,0.0,0.013049205264259997,0.006007489501104635,0.014622579046295811,0.06239541779558469,0.6412161162453816,0.35878388375461845
NARAH0608_T,0.0,0.0,0.0,0.0010310631748551534,0.034,0.0,0.009414237655287027,0.01125191233792354,0.0,0.0,0.0,0.0,0.07336318220989602,0.034,0.021304996391010467,0.00156415786474505,0.004470086355083249,0.034,0.002968198761322263,0.0,0.029606275281206306,0.0025018549777480192,0.0,0.06284679191313161,0.7190716799776385,0.28092832002236146
NINOM0807_T,0.035,0.0,0.018000000000000002,0.001933411914537153,0.018000000000000002,0.005801146539184759,0.004526601901941131,0.004366288165027696,0.0,0.035,0.0,0.0,0.07698287234162979,0.029789608542648414,0.025700401495454682,0.0,0.02829468028400568,0.035,0.020161079391652546,0.0,0.018190865808859577,0.0004470224123279132,0.05702702246160796,0.07786424065426845,0.6041592254700805,0.3958407745299195
OHTSU0898_T,0.667,0.0,0.04451851470412376,0.015499124224412875,0.0,0.0,0.004322500680009068,0.0,0.0,0.0,0.02629134960457402,0.0,0.06126065462665181,0.027695549069966123,0.023077463467471353,0.0,0.011387425723423703,0.0,0.00913762756810101,0.0,0.016333226670818143,0.009046766731732991,0.016215714526609276,0.07210023022438114,0.23603659231084426,0.7639634076891557
PAPAK0106_T,0.21,0.02,0.0,0.017470094570820334,0.09,0.00838807441223046,0.0160779429464653,0.0,0.0,0.0,0.03071763112530479,0.0,0.21,0.018684632782304374,0.0171747235154486,0.003930878462477288,0.0,0.0,0.0006328706676255085,0.0,0.010606468929064118,0.0035478513898082875,0.006824547051621249,0.09809818100085287,0.4384604128807402,0.5615395871192598
PARK1104_T,0.11,0.0,0.0,0.009211176451893123,0.0,0.010042550583524067,0.0,0.018352209404942962,0.026913076468703966,0.06463815917958135,0.04673965629772378,0.0,0.0,0.06,0.027126200657603364,0.00564271239787292,0.02740655129871217,0.09,0.01383737397426604,0.06,0.02477190783213513,0.01091552666301171,0.02789471616975267,0.0734847014319932,0.48191181227084906,0.518088187729151
PARK1005_T,0.43,0.0,0.02,0.02082811000764726,0.21,0.017594061492627537,0.011386455070643058,0.006219000948586836,0.0,0.0,0.042171839480705936,0.0,0.17,0.02,0.02141377372552852,0.0,0.02144154885032951,0.06,0.013090704846569358,0.0,0.0007886305277840025,0.007344409894010251,0.059336863974328524,0.12713098628289185,0.23508075572180506,0.7649192442781949
PARK0507_T,0.02,0.02,0.0,0.010526181041704585,0.07,0.004773138486074517,0.012232167721736579,0.05648613066679342,0.008175617629648892,0.07754237874712254,0.0,0.0,0.021,0.010459883833274036,0.13,0.0010715471791338596,0.02915637033614681,0.0,0.007560297563582389,0.037321125232175456,0.05908490427928026,0.0,0.02325805444951673,0.08166321795647769,0.49429101034947986,0.5057089896505201
PARK0609_T,0.085,0.128,0.0,0.03737021162121008,0.085,0.0,0.009840122356083291,0.06602471554629628,0.007085072814293811,0.085,0.014072121112386121,0.0,0.085,0.043,0.085,0.011486203087225044,0.032315588659819885,0.021,0.014393220388635775,0.065,0.025716644499750148,0.001770914359959741,0.04657082285386899,0.1125800934392786,0.33123685896678584,0.6687631410332142
PHILI1297_T,0.059000000000000004,0.0,0.0,0.004905813741226019,0.0,0.0,0.009803089060463666,0.003275387891535933,0.0,0.0,0.0,0.0,0.06965462186458553,0.02842245405336647,0.021747601828310228,0.0033603826067171785,0.006849683824690225,0.0,0.006647882550504727,0.017766391178985375,0.027810826105509348,0.00420391736168757,0.03034781321670825,0.054525744826978896,0.7004565228511259,0.2995434771488741
POPOV0108_T2,0.0,0.0,0.0,0.0,0.08089425698445657,0.01509901744757585,0.003582187750148218,0.0,0.03318056163653046,0.06960170967555364,0.033145214485455265,0.0,0.0,0.0,0.0,0.014470602171025245,0.020528111520653414,0.03772366424512466,0.007855367634274999,0.037532888180334595,0.04420541013852908,0.0,0.02582910589257381,0.08218041591594745,0.5946403152443379,0.4053596847556621
RAIDA0698_T,0.1287537782211726,0.083,0.042,0.008444821951059375,0.125,0.01955542146787745,0.0,0.042,0.055993375746685024,0.06659761854428921,0.05246513606661113,0.0,0.0,0.03520969023318286,0.021979736544285908,0.014158159766812572,0.008325029444912122,0.0,0.0067310400998517135,0.027335698897663963,0.0,0.042,0.11071816034582743,0.07862125614779333,0.36429963957003114,0.6357003604299689
RAMAN0899_T,0.20976579250016542,0.0,0.0295227307779891,0.008907719320848823,0.121,0.015225366634389621,0.005908370250686828,0.061,0.01617702717678921,0.08606528301300116,0.03258882632314691,0.0,0.06,0.0,0.022458044693138043,0.019424959237637332,0.014095244062604758,0.0,0.006056918414145479,0.01036922120688863,0.0,0.0009299585392815168,0.06643070879097868,0.08976820854422711,0.3963004052299141,0.6036995947700858
RAVAU0901_T,0.0,0.0,0.0,0.0,0.278,0.00828669739741033,0.0010656935968219785,0.06248314660035434,0.04711562228002731,0.111,0.0,0.0,0.027999999999999997,0.033685988794242235,0.024959192062228127,0.0,0.01537259175612041,0.0,0.0005606447551581911,0.027999999999999997,0.027999999999999997,0.011367529452952996,0.027999999999999997,0.13347936369243768,0.402744476308274,0.5972555236917261
RIDWE0101_T,0.05014445413335136,0.0,0.0,0.011087163790985404,0.09300000000000001,0.01121107644600021,0.023,0.002235242361481732,0.019144751087258216,0.0,0.0,0.0,0.0,0.012503512603999033,0.023276421294391253,0.0,0.013538237461780327,0.023,0.00054508614957761,0.06553011546817072,0.12654453002248292,0.0,0.0066373566682474405,0.06817764213970977,0.5653877419824743,0.4346122580175257
ROTH0300_T,0.57,0.043,0.11,0.028761634383654006,0.085,0.021,0.009172182016741246,0.013683541163778803,0.0,0.085,0.043,0.0,0.19,0.036921009850751856,0.021,0.0,0.01681732049768525,0.021,0.009605895090303532,0.02665529978274106,0.006968821068328128,0.0,0.06867521802536691,0.09789253569806236,0.1612096682931835,0.8387903317068165
ROTH0504_T,0.52,0.0,0.028018092136284978,0.027209741127228765,0.19,0.02,0.0,0.05296542647814696,0.016359050956740853,0.23,0.02,0.0,0.06681516335736098,0.03898117848530224,0.028457117287088197,0.0,0.047916099812759544,0.04,0.016090805147383914,0.044785991416565196,0.010746776306281298,0.014686342302905053,0.0856642322380721,0.12173873900397197,0.14836247585390558,0.8516375241460944
SCHOE0811_T,0.07103211084974434,0.0,0.000673050428888454,0.007877316660547275,0.08,0.004607450819634755,0.0014851206094291152,0.02957061019979769,0.01511887655139011,0.1,0.02,0.0,0.02,0.02449648169153295,0.025593644302193262,0.001783751255155272,0.022964123164304222,0.03364551286742973,0.008078777428571361,0.018635424540337953,0.02525153063256098,0.0016524784860900144,0.02,0.08124325749933511,0.5316207117788999,0.4683792882211001
SCHWA0401_T,0.0,0.0,0.0,0.0,0.188,0.03983773940509636,0.029851142998824017,0.11830237182443445,0.03699128106845643,0.25,0.0,0.0,0.03401221501227561,0.0,0.02817663716779935,0.055194961499618146,0.05842952421632985,0.0,0.02629136001454153,0.25,0.188,0.125,0.313,0.09349463162772394,0.12998273841024288,0.8700172615897571
SCOTT0109_T,0.057,0.057,0.0,0.012071549404902163,0.114,0.01539775027769253,0.0,0.07365284108661678,0.057,0.22899999999999998,0.040361271067084675,0.0,0.0,0.061489578436862126,0.028999999999999998,0.014998351324604538,0.03765574709488387,0.036242400229096305,0.010935948149084749,0.057,0.029449425863842565,0.028999999999999998,0.07762528866372931,0.10753240124869815,0.29837192146073266,0.7016280785392673
SHAH1210_T,0.21,0.05,0.02,0.05139161898262839,0.09,0.05,0.0,0.0,0.028394839640873575,0.25,0.05,0.0,0.068,0.32,0.02,0.0,0.06527913265392725,0.023,0.04453780243979033,0.2765539232871682,0.15674298545897006,0.025570609441640968,0.39,0.09644418502840904,0.07413881558105354,0.9258611844189465
SHAH1211_T,0.0,0.0,0.0,0.01929238895953808,0.0,0.011953188135554467,0.005735467269068176,0.0,0.0,0.125,0.0,0.0,0.06559274219159403,0.027298488264558086,0.063,0.0,0.063,0.063,0.031113915607945446,0.063,0.038476445560991106,0.0,0.063,0.09572659193346095,0.4662010224570622,0.5337989775429378
SHIN0605_T,0.12,0.0,0.06,0.005367426574819739,0.0,0.0,0.0,0.012734673280656847,0.0176020918272565,0.06196062206067122,0.017269622606963575,0.0,0.028999999999999998,0.028999999999999998,0.024370670800605586,0.028891978289853182,0.01646621121804664,0.03,0.005398606477990737,0.03438846778131435,0.003912578734797924,0.0,0.0049560197806242795,0.08146761713661396,0.5481350171688557,0.4518649828311443
SIEME0610_T,0.0,0.0,0.0,0.005592345892409517,0.087,0.00976000327669093,0.003136716109103959,0.0,0.0,0.0,0.0,0.0,0.07150460338097274,0.0,0.021123130528134186,0.002075459500242481,0.016075629948639654,0.13,0.009843681201428828,0.019512821457796842,0.0005217331792794211,0.0035824027868138764,0.028960182948702173,0.07203713809857631,0.606213850195579,0.39378614980442095
SOUGL0804_T,0.031,0.0,0.0,0.0018834645414833404,0.063,0.0,0.003459908941544673,0.023145048983871888,0.005733758819148086,0.063,0.0,0.0,0.063,0.033106058267288234,0.0251795055705145,0.0,0.02154745347569891,0.0,0.01117424132706642,0.028085353821799774,0.02118385966230715,0.009518772396957642,0.04734113235874876,0.08727505547885367,0.5753964953083154,0.4246035046916846
STATH0102_T,0.0,0.0,0.0,0.003052844619100266,0.0,0.0,0.005128457949609689,0.0,0.0,0.07808289786860978,0.016069669372845735,0.0,0.06713004087943905,0.034181384093824256,0.02678570935464039,0.0016008780804380937,0.030871758052940648,0.0,0.017627924384332364,0.029154722847448133,0.027907621310743754,0.0,0.05194964993717832,0.07494510398008553,0.6206381140153614,0.3793618859846386
SUGIM1200_T,0.0,0.042,0.0,0.01152494767795702,0.083,0.03924563980463306,0.0,0.014574351328910148,0.0337649971889571,0.11186002390868802,0.043,0.0,0.07415417779792721,0.0,0.029206828224933923,0.043,0.05491465569893414,0.06335919501504098,0.043,0.009875678374423436,0.0,0.048991555855862734,0.1961215609727323,0.10433743248755072,0.33354556836893556,0.6664544316310644
SULKE0894_T,0.5921969506178725,0.0,0.027708092818607435,0.03874871046007679,0.05,0.03,0.01940060094117097,0.06,0.0,0.16,0.03,0.0,0.18899999999999997,0.04208707279154952,0.0,0.05,0.012793568850832177,0.0,0.000511521315397106,0.0,0.05520169564591773,0.00024072232656230375,0.03397722342142863,0.09603932394850814,0.15844466699519633,0.8415553330048037
SUN0409_T,0.043,0.0,0.0,0.008975764613907419,0.0,0.0006366692531692697,0.0,0.01015069599740967,0.0,0.0789780518069628,0.0,0.0,0.06897570197173677,0.021,0.02611385321709976,0.0,0.03071200211486583,0.043,0.01623220805748378,0.021605206679168987,0.006692449152774081,0.0,0.04141367866636976,0.07606624304176487,0.6024734111159686,0.39752658888403136
SUN0610_T,0.386,0.0,0.03641541614225317,0.023,0.136,0.03764531626359118,0.00042054405791408945,0.045,0.03848555177726856,0.159,0.159,0.0,0.091,0.08623243170467365,0.023,0.02093981147811274,0.05365870788705292,0.09129899981792003,0.02950723806025671,0.08749591372891335,0.028094321272175773,0.009947785656179986,0.068,0.16202605180237048,0.14187253400991529,0.8581274659900847
TAKEY0111_T,0.08634728375331457,0.0,0.02,0.0009221085929652551,0.04,0.002806918055157967,0.004196617501843218,0.03193219973045519,0.0,0.04,0.023858241464154356,0.0,0.0759803650501632,0.06,0.02496219468672198,0.0,0.015495806252895743,0.02,0.00986600962704005,0.0,0.011172243797303832,0.0001029178220589011,0.01564657652496912,0.08396966542249581,0.5579888831191689,0.44201111688083106
THUSS0105_T1,0.111,0.0,0.0,0.01251135316750916,0.133,0.010382315152396938,0.0,0.0,0.03586894228807519,0.044000000000000004,0.044000000000000004,0.0,0.044000000000000004,0.044000000000000004,0.022000000000000002,0.0,0.02957017482854302,0.022000000000000002,0.01750008687822961,0.0,0.0,0.0,0.044000000000000004,0.09836936860178429,0.4768139747179911,0.5231860252820089
THUSS0105_T2,0.133,0.0,0.0,0.024154186524261767,0.022000000000000002,0.013871074601053392,0.0,0.0,0.02613413187942825,0.044000000000000004,0.067,0.0,0.044000000000000004,0.04049332843863986,0.044000000000000004,0.0,0.031020414010565694,0.0,0.022003835125636962,0.0,0.0,0.022000000000000002,0.044000000000000004,0.08989539786754934,0.5012047228117794,0.4987952771882206
UEDA0810_T,0.019,0.0,0.0,0.004338008043518704,0.09300000000000001,0.018000000000000002,0.0031183916122554246,0.03186170589541487,0.006739619867674081,0.037000000000000005,0.035322225097641685,0.0,0.07251938159075974,0.037624621029906026,0.02427753768891606,0.0008116950262941486,0.015621829489858772,0.0,0.010334434824560541,0.0,0.0006270758907577709,0.003612089163867016,0.025357181473296284,0.09728835691776422,0.575408603637121,0.424591396362879
WANG0811_T,0.0,0.0,0.0,0.0,0.017,0.0,0.013020282015395956,0.0012246236937729915,0.004026384784003422,0.0,0.0,0.0,0.0,0.017,0.021694761956886438,0.01759266081287378,0.0035673208007521613,0.0,0.0010387635679997642,0.0,0.05742894126162139,0.008652446464331387,0.0,0.04239588085202957,0.81211876447444,0.18788123552556002
WILLI1295_T,0.0,0.0,0.0,0.0,0.026000000000000002,0.007186730567675249,0.00520094434592981,0.04716596110744639,0.0,0.07758938032716084,0.0,0.0,0.10300000000000001,0.026000000000000002,0.027567372145715256,0.0,0.035114193327961216,0.03846585896555871,0.019660577725270457,0.03614972329836938,0.026566902650470743,0.0,0.077,0.0943559062339426,0.5123968057910699,0.48760319420893006
XIANG0112_T,0.0,0.0,0.0,0.00625604344309171,0.043,0.004135685752577133,0.0025899119854512127,0.024722604601117665,0.016017614299100924,0.07801626140461106,0.0,0.0,0.0,0.0,0.024987536473657392,0.0007216113191509527,0.022825670802508146,0.022000000000000002,0.010473665349823476,0.02534931624434547,0.0323600571707629,0.0,0.047735529424448836,0.06203535848811327,0.6486954607162464,0.3513045392837536
YAMAD0801_T,0.217,0.0,0.0,0.0030673359365923324,0.07096311561242424,0.0,0.01435929455504905,0.033,0.0,0.017,0.008442921658440877,0.0,0.067,0.03367903791390884,0.02089323028253007,0.012134787135140806,0.0012350089679296888,0.017,0.002358641544168159,0.033,0.03445207809227807,0.007938218698990862,0.03696192913223073,0.0629246467336719,0.48101204095758343,0.5189879590424166
YAMAG0202_T,0.7190000000000001,0.031,0.0,0.03906411021293308,0.0,0.0,0.012326378148328342,0.0,0.0,0.0,0.009096639989148253,0.0,0.094,0.031,0.022906717178622166,0.005950368363798062,0.0122061409094654,0.0,0.009162369678570054,0.0,0.031,0.0,0.019666520514652536,0.06690580318512236,0.18943370445409022,0.8105662955459098
YAMAG0106_T,0.35,0.0,0.0,0.02296809330869507,0.05,0.0,0.00397213509392569,0.0,0.024766998774350762,0.0,0.0,0.0,0.0,0.028747732878121317,0.02368519641858259,0.0020784875833798275,0.008340344334275752,0.05,0.004969549630565854,0.0,0.02013504660040525,0.0,0.0,0.06517655318835908,0.47617033292047195,0.523829667079528
YEO0207_T,0.0,0.0,0.043,0.011109309770728165,0.13,0.04875846557320656,0.019167710882523177,0.005994768314225338,0.043,0.0,0.0,0.0,0.0,0.043,0.0,0.0,0.0026541805286562394,0.043,0.0,0.043,0.087,0.04892737205148029,0.06529278963601617,0.06217656377287667,0.4862150141524239,0.513784985847576
YOSHI1209_T,0.325,0.0,0.075,0.013318876654943112,0.05,0.0,0.013788006928635606,0.016155181123542334,0.0010381156878146967,0.05,0.0,0.0,0.075,0.03581061747734674,0.02503854876654532,0.025,0.020265401268820264,0.0,0.0120121964219351,0.007153005591524542,0.041918535206545135,0.0036140469002858278,0.03464561819120009,0.08757534957764317,0.3692050600732554,0.6307949399267446
ZHAO0109_T,0.077,0.0,0.0,0.014786840876430816,0.0,0.0065258517935270766,0.001563478958883621,0.0,0.003758457052848335,0.06162364854452741,0.0,0.0,0.038,0.0,0.024631866612310677,0.022104164042331547,0.021353884331855696,0.019,0.0075557827085693035,0.0011855624034276535,0.019195001553590933,0.0008926326785180794,0.0,0.07634756129035505,0.6664627508581801,0.3335372491418199
ZHAO0409_T,0.0,0.0,0.0,0.005480289043226101,0.022000000000000002,0.008020770139270321,0.00123115729117604,0.021315545172614733,0.011850705662391891,0.07729624305847323,0.024211065736258863,0.0,0.022000000000000002,0.0,0.025070994051040088,0.00046998190076779495,0.023807039848912467,0.0,0.012567717401414675,0.023906611419447332,0.021465031402188414,0.0,0.05063888362090868,0.06777163351255602,0.6515914896334725,0.34840851036652754
