intercept,node_0,node_1,node_2,node_3,node_4,node_5,node_6,node_7,node_8,node_9,node_10,node_11,node_12,node_13,node_14,node_15,node_16,node_17,node_18,node_19,node_20,node_21,node_22,cluster
-0.19209000355132874,-0.05132995648400986,0.03828490004353294,0.1591635193178348,-0.48620583777406834,0.3707496027320285,-0.009431121701208118,-0.28495981480565946,0.033945003943065225,-0.23701918425460075,0.0614856779204171,0.012646631320267814,-0.26942226920772644,-0.3811350628529815,0.06767748783558994,0.28674473308508,-0.5997253799890127,-0.30020591876129205,-0.35926064340228175,-0.30410390196453296,-0.37975994226239074,0.037108934427470694,-0.0016453833553006396,-0.14020017485393552,2
0.19654636499297046,0.07035232385886644,0.28731386380918944,0.7395677119314241,0.2837044358718844,0.7169298741998995,0.3552657059971771,0.2612152109422052,-0.3072402256286113,0.13681082494719982,-0.5021157522774001,0.27763258659738926,-0.23348976736290677,-0.4302767550607997,0.08396191844850168,0.2856644674005843,0.45305649767938383,0.8715165820916891,0.29187781658231554,0.853911644073965,-0.026116324025998734,0.15229324565310814,-0.26339623838503917,-0.012205259629601306,4
0.02191530561145038,0.05991200134484677,0.19950286456247054,-0.23676840800104865,0.03336758090345914,-0.37682257251269413,0.15246767039148043,-0.11925296540590721,0.12944673630442274,0.06312049054348792,-0.335919010235808,0.27591374269119084,-0.0866530036029431,0.04649715002926703,-0.2258769352330316,0.2874247109563593,-0.6006849976607422,-0.6537811522094001,-0.5980563219692088,-0.6521592301225682,-0.5047765918541235,0.06564862502975617,0.203844805139666,0.173536909322706,0
0.3199203647115887,0.01834785212670372,0.28579313476556584,0.1373753966301512,-0.05126694390511961,0.08752940475388729,-0.2406284783983195,0.004205162619308039,0.45568456795573875,-0.5238285759681164,-0.17861291826080333,-0.29392584397451305,0.2167577589229908,-0.3737638824666541,0.4171017350809393,-0.038385559166409365,-0.47699590613965326,-0.19015348170081925,-0.09680470608678994,-0.09145284219316686,0.26488932302006984,0.30743591353443,-0.23713667667562371,-0.16934125965277452,2
0.10129140733708782,-0.15071673942768196,0.21239378261514186,0.26351512833801843,0.8868514189682465,0.3042792864473603,0.47161114939384285,-0.4083167362817106,-0.19394730712797809,0.22661433769691391,-0.3364995510264984,0.22620646263183172,-0.4781540470513961,-0.21294242064864832,-0.7202832680697305,0.42381609725280944,0.10087828359132923,0.5562171576559184,0.7187520002602089,0.4484101147597763,-0.507323077015944,0.04145479715443306,0.27526117375954234,0.14827791266666787,4
0.08602480444425462,-0.26847310130720853,-0.35313147915049553,-0.18911368422135696,0.04249068661297217,0.1347736182493884,0.2906223172599444,-0.4922822150286235,-0.3005302430106264,0.24503606035348938,0.12138235388021482,-0.5300412989103829,-0.4912039430302142,-0.4154711117131035,-0.022685618556596298,0.12839508191811747,-0.26177981189988014,0.27580761161353096,0.11458384734042344,-0.3735393080388519,-0.3958906209201727,-0.1818215391323025,0.09626939326882505,-0.47462187384590515,2
0.1078780185404551,-0.02018611329972545,-0.34019109821266746,0.07862418549319254,-0.039470250512054834,0.6158485891279928,-0.2783638988901101,-0.13854955924008971,0.0808996527188746,0.044796809760907566,0.1618591998725869,0.05060721921848885,0.04813242493095788,-0.005653693896999083,0.030064891447134087,-0.3984235684762642,0.5082167930633771,0.16087428321988229,-0.030898735435690095,0.5061060951961011,0.27626389004317914,0.01897909700919788,-0.5155586853187965,-0.5317670201522516,3
0.2384782347320506,-0.5127813522306309,-0.08366707296375586,-0.22040912635724288,-0.049190771532065865,0.10780485391934491,0.05982439817012744,0.11557700758295483,0.08286471484143741,-0.31720298701079985,-0.5246281526463371,-0.21713796437896302,-0.15217248803283887,-0.14856082971925913,-0.03893136324687073,-0.05425431025333452,-0.06484299288067599,0.3972483182107901,0.5726246987598249,0.14804575805728612,-0.06752859518130933,0.24129716219990968,0.33664298559345807,0.20965173553777772,2
0.06605863149596453,-0.3311384194163673,-0.12404121987483749,0.20165208129190212,-0.3704177053666598,0.29836662240186024,-0.33336624968034684,0.07282120708467477,-0.5548935952516333,0.04628672202547819,-0.3502709540992211,-0.20009284992510085,0.01798488850780866,-0.1631316525166902,0.2682171200390926,0.0742263816991649,0.23482058063723094,-0.1557512888583577,0.025137600497340894,-0.06237630075902899,-0.5788923841889297,-0.19612634905618956,0.17443278475495835,0.040245634010954594,2
-0.12538964087090665,-0.058478304437998035,0.090936096061201,-0.46554161203352995,-0.37408150485188385,-0.10327429568465568,-0.20765926723625586,0.16194429682718503,0.4813882643580897,-0.07507518206776356,-0.1834235593089073,0.08184618356520025,0.09672709757104735,0.0448251604673429,0.16830569149093128,0.09221273990696337,-0.3514208133506295,-0.8025018920010785,0.01654500991978622,-0.4572621757380788,0.2758059056999469,0.40098875529938693,0.5249695064422506,-0.05571941194268033,1
0.4803518473818693,0.1539976296110391,0.035196616657818994,0.1749537529688616,0.2678723553753635,0.1104489930744357,0.2168117668539056,0.13334869831949056,0.09014719652828446,0.5785024957463087,0.09304036608085786,0.225332275820746,0.027440334502056997,0.30579226655769615,0.13581717637139537,0.14813577263839506,0.2697777242470858,-0.0192862707497602,-0.019683964351116717,-0.09863999201398183,0.08383665099173405,0.42482540397234986,0.19582203341291066,-0.04444971885046051,1
0.3961684642597089,-0.07861364378534524,-0.052738567669990154,0.02005094464879003,0.20842232355835563,-0.33369994517694684,-0.07890934732488072,-0.05316112682230395,0.5675939218369894,0.17687536329602702,0.1468242479892692,-0.07268832833919944,0.16458549347944243,0.05076338473159951,-0.002982129348511204,0.0181943941716587,-0.0942313568048404,-0.6688918112262868,-0.15049785960172607,-0.3592717200433516,0.3685673653115178,-0.039166775962264345,-0.03158593991912288,0.6380006194688423,0
-0.41882771098926264,-0.07744522504183257,0.03393352569367726,-0.4054440665651927,-0.07163182392981399,-0.16328262391109483,-0.48717545774678034,0.01800847134456652,-0.05623623001010298,0.24196564737931886,0.10126481285647569,-0.20784191842131292,-0.4710507880930454,0.18269968195357897,-0.46489219738757814,-0.2903197298763711,-0.52151182624237,0.059365111925762284,0.0068952244003871585,0.15982401515663278,0.034854572529440235,0.22008779980581689,0.2673298833873426,-0.18558069961974433,3
-0.045428922237865786,-0.20221780213566837,-0.26877897901496345,-0.10238220494163079,0.23566123519621046,-0.466010230203691,-0.39687188667988177,-0.1245399543477943,-0.44915099735015007,-0.2795705784495265,-0.11360906509848984,0.18583541037969586,0.2633962088964854,-0.37607642945016717,0.31533728845817344,-0.17035314438237262,0.1422315341156651,-0.19740069540249502,0.35769138323938815,0.03818561927614775,-0.43140270326370417,0.11458814148930933,0.008001762864499488,-0.08662759836296346,2
-0.14580988938358858,-0.21590054142708734,-0.31494315956837543,-0.3966221970320431,-0.4529303306495018,-0.47131203217865325,-0.28413178179053694,-0.1335822115525968,0.042112883889329475,-0.08315682791756217,0.2570297928643826,-0.15402210763315521,0.2448358701736317,-0.2758586682924946,-0.12999601866397648,0.18400439086191203,-0.3404413547012274,-0.07056787361698964,-0.44343917815592465,-0.3597686213516815,0.22055625375350627,0.14817937697301953,-0.22167195840216483,-0.0269827062745725,2
0.180081588994925,-0.09605814676370608,0.1231164452512221,-0.6175537279144557,-0.07198196157718419,-0.2283213703937419,0.12275792419887724,0.21166971162399803,-0.5493877574714522,-0.29349262887643596,0.11416858058530958,-0.345582683991314,-0.21578188179012575,-0.3496625504106144,-0.08247440731282507,0.042848396758376414,-0.4408819361312362,-0.3113545541382295,-0.09481736401933191,0.06168582291625056,0.2052287211359247,-0.32798365503253385,-0.061855111146498803,-0.20768167514682784,2
0.3021615333617135,0.35332246041549764,0.016086439370504916,-0.3700216130635183,-0.6929649119023223,-0.1165755938508165,-0.26331020848221715,0.02948193392973839,0.39920527948212675,-0.057033336769148436,0.01582381497385965,-0.12550740551497877,0.02455580456892877,0.06902201597965318,-0.34874833067502653,0.10034315271199541,-0.7724761988652155,-0.4536736065366809,0.012737221998915357,-0.33774427205657687,0.17580160372468956,0.1346408671206537,-0.1285384995350123,-0.018747856168635228,0
-0.40078029018152794,-0.135247939595721,-0.22590947046296933,0.03208282879689772,-0.06830776530898632,-0.07943017193558254,-0.13647477708041758,0.22548651599961178,0.013003699083062727,-0.2654010096048458,-0.30704449747665835,0.038491084282762836,0.20659242286373541,-0.2650807188918417,-0.23342932433693234,0.13380463783164107,-0.37445988795497887,-0.3980506835921867,-0.2880561683112718,0.11495850989221575,-0.188679477611301,0.1406164475626924,0.05649077195701837,-0.38276967365019215,2
-0.06861442480333536,0.03804754408966613,-0.3102135791744432,-0.5664032772222735,-0.6216310922371396,-0.644946977939327,-0.34481129725562015,0.09194855026623358,-0.03478019193252052,-0.41240745411233437,-0.4983958744810281,-0.23602938239941837,0.2652726107367279,-0.2507800356401974,0.1863228888345746,-0.19943881262857321,-0.8095047064249665,-0.056929880937816764,-0.020821320052763888,-0.19796149177263456,-0.0493162280457033,0.4265211591955109,0.4447431758246845,-0.3333329143853613,2
-0.48125347531861473,0.2875938951326814,-0.020434620420928078,0.4916798162513858,0.23358710645600073,0.2342845949622534,0.24737275469444234,0.06290685826560082,-0.41632213944316343,-0.1050554719145873,0.02428033266074874,-0.01606413935263705,0.30662114390417533,0.04806509928570956,0.1359298630212105,0.29127595420542857,-0.011420443775742185,0.5645668926657396,0.44949567670963686,0.5038127411983081,-0.30673009767575565,0.3436578089858673,0.17907207439720374,-0.34629882009144464,4
0.917427833762493,0.3027745328546779,-0.2060601147603684,0.13213547376655896,-0.4454963870984614,-0.487357492575549,-0.14537263251256785,0.2565211157748865,0.6929143639554143,0.3021873336615727,0.38642153277773916,0.15529784448135886,-0.21763417635185722,0.4216498837383996,0.16248163567419566,-0.12365101394517526,-0.6888562221994984,-0.929153161275736,-0.387179452902021,-0.5874377889114929,-0.024093584376732237,-0.22189387343897268,-0.09678078850400543,0.04155246616067237,0
0.29073392301458106,0.2242856747995449,0.2763111381484405,-0.2658697539791761,-0.8083066615738064,0.027112005870727464,0.11974005133744225,0.5267766493443361,0.40713500831867616,0.27303795762829225,0.2792628747088999,-0.085232916436354,0.2493015913693924,0.15947839354248056,0.200331890572053,0.2766223123348809,-0.7642111638339438,-0.3965911635637254,-0.4152875627056152,-0.9402926515774203,0.2404718480229444,-0.08226083351217589,-0.10351887269995458,-0.027229275564421965,0
0.45584260205693117,0.34895428673022266,-0.05578237662450475,0.21690106024427766,-0.2794515961618803,0.008897480506887587,-0.21869436390246533,0.053979621833125886,0.3384839218000447,0.33985553009415165,-0.39616598919209933,0.07259376363616558,-0.08345993784431995,0.036512848362519945,-0.11596390276007065,-0.06453754249684271,-0.2694958639607927,-0.362721853708506,-0.2092025388453852,-0.5279201571091575,-0.13449242574937587,-0.15468588724783622,0.030418063654854107,0.06740466197860268,0
-0.49615216020673514,0.021112102122107634,-0.18913091266685148,0.1964558675980024,-0.6205036038146922,0.15890476607719795,-0.1475259780241956,-0.5036498187162757,-0.29181036228018087,-0.5209713669426661,-0.11660596375002871,-0.3488919572781217,0.10002347805233239,-0.1633033266649531,0.14876393813904298,0.030927476969231895,-0.38584119535638756,0.040075995022446756,-0.1671534916353941,0.0582966579867638,-0.0877712711781297,0.1488202800488676,0.0484071245755632,-0.49606757539473806,2
0.39248307650160885,0.07715246292521509,-0.03600149031975408,-0.47517329435114003,0.06209714061393291,-0.609974257111194,-0.1746556895386106,-0.20509553437197983,0.30045325764434216,-0.10067681055056851,-0.017752850762226383,-0.0014564153950358258,-0.05466421521325267,0.20634612041719738,-0.08732900867298618,-0.08392300386002984,-0.13658134611236816,-0.23012842654092522,-0.009963231802847704,-0.522020882379038,-0.1382949421098872,0.24320668740804682,0.11308142202501428,0.1720248762001453,0
0.41066805017600194,-0.08069470878085556,0.166729275984526,-0.5845363480515691,-0.4572462100354907,-0.1344584976822201,-0.45731818423760834,-0.3058518207929419,0.3832604135902469,-0.34755345963597906,-0.0792361309501674,0.34660349243666233,-0.11074490751268548,0.16075860311046752,-0.11831460514459276,-0.1249794883106134,-0.44808584276978153,0.01611971395721333,-0.319734175014165,0.007714967476484734,0.12096112754049392,0.26625818333585966,0.02597940721485153,0.12174435047897969,0
0.5365425757708033,0.4749989168619195,0.32226913014528696,0.13210592868193166,-0.33018213819741743,-0.3849852525720974,-0.5654782892500064,-0.17356621455587942,-0.23982830420576493,0.03739482573579031,0.28290681720366545,0.08499985152805468,0.22194330638364412,0.24332862722846774,-0.03622511910522285,-0.06283711469445184,-0.020773573943158784,-0.6872632666241821,-0.01388136157783612,-0.6891645459626838,0.39232531923340513,0.2294318019083558,-0.2316017835300762,0.5455602702517656,0
0.26958644344242066,-0.4082586934477754,-0.057313285502900546,-0.19710571945260102,-0.29827438315533744,-0.3998468404076797,0.24842652765850262,0.09184249936557486,-0.14514607230672913,0.1838392435451042,-0.2569224917556954,-0.37252417785706726,-0.02131403663873431,0.1996132939419362,-0.42026318657094874,-0.04803327977228311,-0.10970617221761841,0.16283019694949763,0.31015011719673297,-0.11952256133519785,-0.6067355507453503,-0.4981709698815503,-0.18712643390364733,-0.25118165958102245,3
0.46156500294187514,0.30152449871962406,-0.10142434608394607,-0.34278051824709366,-0.16033822971714526,-0.3777109555664247,0.14868997554159902,0.38045608332167385,0.4752169424057829,0.1465819730032564,0.16296198372621695,-0.11982429437887919,0.06876031780621207,0.276558992041453,0.13158042182424853,0.12471431713881256,-0.20938051850398587,-0.5047764000659476,-0.2797139200194627,-0.0007308514844084712,0.09958484210753914,-0.11870886226972252,0.2251908580048524,-0.07864779602141145,1
0.09682572187924925,-0.12423298083379605,-0.42344375224245623,0.28516306912320116,0.21404087302502747,-0.15627090765326807,0.011791037158324174,-0.4676123325320111,0.2741800952018907,-0.2392119201978575,0.3193938108513799,-0.5237275806455356,0.27707425471052,0.3573038542438866,0.18905796252178342,0.09946083344197369,0.4424446190847934,-0.13673509537054596,-0.4526026244644636,0.23040315020250063,-0.17558791345763516,-0.15337746685862755,0.5554138386849383,-0.13803512225318182,3
0.19717792263629008,0.5940783906405457,0.19035577243018684,-0.24626650763893784,0.0996532519664778,-0.6312549046328455,0.1707867723996607,0.1869231066836899,0.49699632235508356,0.14816747034414174,0.008111965913543785,0.2945380137995921,0.12161839176224556,0.5056222656717646,0.08725819571618017,-0.10520523439430017,-0.23265187553020186,-0.2077053753684499,-0.2674220594253976,-0.7063201038824121,0.004564536027285779,0.3088137564047845,0.39292258051007917,0.2290482417042128,1
-0.48885989477213093,-0.2211269571593186,-0.036747985254460935,0.1878298910855147,0.37104335380488696,0.089317236605959,-0.36757593702171415,0.35644870600474327,0.32939705993788315,0.1664616130898966,0.16965464560673732,-0.22820940119735625,-0.30651050093645693,0.3989507414569611,-0.10439522626516014,0.1352884604627446,-0.3467837530622455,-0.29738136002826837,0.13942458934011107,0.27115235757598233,0.2731517544160315,-0.2401559189626712,-0.30396831219500065,0.08908968474087507,3
0.13512677344626992,0.11518262467621511,-0.18275215970987052,-0.03242556623489317,-0.12451582577815824,0.32891197909288084,0.26147384214569475,-0.29778992936876314,-0.3070289991391089,-0.22504593297776546,-0.49570253375969126,-0.33051424325291956,-0.2815204296565828,0.21487280166568007,0.09800920430472622,-0.4294691488170654,0.10398247455988753,0.2822895752810274,0.2848189836089705,-0.27981844273224016,-0.10040167757527223,-0.3909220766916474,0.09228631585410622,0.25831099107119737,3
-0.19256207844356307,-0.13162608818827817,-0.0010009585532703325,-0.1742986474291891,-0.017219303036058318,0.009394257400196867,0.09034116367848563,0.08535717292016018,0.15812388411041817,0.32663093875383903,0.0613192557547867,0.013348823625579603,0.21360655389474362,-0.10616916129386601,0.42982796514062444,-0.024938599847481934,-0.4577923320833009,-0.33802571461827413,-0.04360359545087831,-0.3996818877885651,0.26817174738703836,0.02484750463535279,0.2934995394143921,0.47865837439190123,1
0.511596773108444,0.17552798478967457,0.08406281493774928,-0.39623945047570924,-0.35426899915270815,-0.2921764656096267,0.019869043206626545,-0.18673008825112936,0.5655344158453975,-0.34791943297632916,0.31914617391166666,-0.12206618602464425,-0.1209345277741533,0.3919323822119143,0.17525252642480094,0.5315052106676047,-0.4487634131489948,-0.13084398331894886,-0.2830024295849961,-0.9567765059340234,0.23192011914481603,-0.19702239430152704,-0.13156867593869895,0.5577230738317588,0
0.2672870891645969,-0.5154670419875468,-0.10933251464489735,0.12153536822412818,0.275216885392726,0.14173070793311682,-0.48206587421896097,-0.33676939076145224,0.1528091139600168,-0.16593104227176686,0.11390380103979483,-0.13380200861895364,-0.5609520291176308,0.2170865479671053,-0.29062671218857916,0.16637819313469943,-0.0965772723987328,-0.27360713396847064,0.025459693150779044,0.33931750431253216,-0.15506765026485952,-0.464507921174612,0.11457669735585099,-0.1616154408624331,3
-0.08584339363511252,0.33317854364887906,0.15160913449881228,0.23015046868380884,-0.4029793101922634,0.10035438144698183,0.10035923719660692,0.2879836934898293,0.5951307196109652,0.161951348091824,0.312736811977425,0.019800458367685733,-0.07066542741928643,0.4438842638741686,0.3543974692143012,-0.2363231993413791,-0.4587812827593388,-0.5675874841060978,-0.0967537182901229,0.10573911525750268,0.4555427664193517,0.07560103644993023,0.4612350447565435,-0.17802684439263666,1
-0.34638725007665827,-0.07860111280854089,-0.3902123758835547,-0.15327936152842542,0.030274544478658866,-0.10940782991273929,0.16067483793025047,-0.3165698792899718,-0.3043673111524723,-0.010449409828674946,0.117383850735126,0.0700979725106409,0.2031473942052193,-0.38227902459524243,0.3746959439023742,-0.014539908904090851,-0.20328161652252705,0.1297376787960304,0.25404835869734815,-0.2700782400373701,0.12459387116348347,0.20148682230147388,0.16488358027992164,-0.03788425652215841,2
0.33716169435645543,0.18953798124421545,-0.055586701805846045,-0.4584738996314386,0.10460431374625084,-0.3037275638422013,0.23556042109455794,0.21634689263480325,0.36022119806367797,0.012074006757513174,-0.04216402548504422,0.09443648815607114,0.006718578702096481,0.08750467862140869,0.288304331841851,-0.05595307684748761,-0.21927912946743067,-0.12312289347462807,0.22887424092812672,-0.050800522309460486,-0.19580404599196752,0.02043841043246351,-0.10048444371218122,0.24129096313320722,1
-0.17805350847763682,0.4974205146465042,0.13975930828390828,-0.17133116876267904,-0.5552554905114292,0.2233426205867671,0.0804344857907649,0.07451281381366043,0.03392614261512681,0.09809030319994479,0.3976543465255643,0.017138044534410923,0.17671003474108155,0.29889226559199067,-0.0594668391736287,0.2148034772793657,-0.1672482101737997,-0.14252642470530763,0.1143793936598296,-0.4452331537534448,0.27885682139317497,0.17424841693781146,0.08368128289515778,0.4334439677761428,1
0.8000128210399107,0.30601034308350084,-0.06065352013375618,-0.6662313915513735,-0.7051490030279327,-0.5458816414971969,-0.7594509285665195,0.1545348921292665,0.6520814141486803,-0.10590973818113691,0.12965044281319607,0.03689038687281486,-0.256453040288183,0.5669656969310586,-0.07961822235602818,0.08071868434693451,-0.5761028031481236,-0.6197036630062387,-0.36016260682330925,-1.0202066936111833,-0.26425449341991086,-0.15875277457997367,0.020790532583824902,-0.15687667365394958,0
-0.33707470246103327,0.44310803580799085,0.2018621208538592,0.09766498031776868,-0.11295335884778956,0.44522677842044023,-0.11414541847163966,-0.26795527704068384,-0.2184671578313677,0.053762952459113,0.31393574044151956,0.3017798178998429,0.24824330433187966,0.09793963736738888,-0.11685224673688921,0.38630171335212726,0.4741687402482842,-0.1827153239152372,0.4501540059512626,0.17038009227237796,-0.39464300176276024,0.3788879619621641,-0.2774948309614912,-0.06559729486625518,4
-0.023493109073858993,0.13094227880559653,0.12436139367368479,-0.17373791094419677,0.03742626791222074,-0.5690316857791884,-0.02216834137280437,-0.1383842581688772,0.10106547517291194,0.032549005740953076,-0.07323342100616394,-0.005092957323439141,0.36709372544432456,0.015659770551231238,0.05836927809508591,-0.07721286527006227,-0.36709983434772414,-0.7551561927685562,-0.09134980780738429,-0.3132339470768944,-0.09108441686586867,0.22219267127480283,0.03782726275427427,-0.12306889981719012,0
-0.20501419640899246,-0.22226556348389045,-0.04322264371538006,0.48863687953537976,-0.02025687350482699,-0.16242485188778344,-0.2821595715657488,0.2874283467447041,0.02030342240295857,-0.05400022951489893,-0.1779904925799515,-0.38876802654524045,0.288775446794463,0.019602188776042893,-0.040306801589640215,-0.21675042240177392,0.336876343277801,0.3658632555069366,0.3817293011273444,0.5824695400773867,-0.5927399917989766,-0.0005496387682001005,0.24920483295435664,-0.5699533612216615,2
-0.10485331435537176,-0.17687112185547862,0.15933604387064287,-0.22905442509833146,-0.5918789579114866,-0.5903537035079136,0.12280370590370136,0.38465192631356754,0.4453720395755502,-0.2135104505630528,-0.18310088322917245,0.2534520883155566,-0.19310194445626905,-0.35382211353095366,0.17247627083303085,0.40859299808936705,0.02063299951538653,-0.435197614196074,0.017182260065244776,-0.027037955252214644,0.1680432492011964,0.137823358327847,0.1529166999208144,0.5291313041288205,1
0.27189805137742096,-0.5186332080079865,-0.19907541379834506,-0.1189052215349013,0.10406022168050061,-0.0794760907327538,0.15110949867688045,0.1598046058750164,0.14981822375413575,0.21528399128893147,-0.22242946720075135,0.14046768637573231,-0.0839759655764377,-0.05353016865217786,-0.1814522942517684,0.024061146257320008,0.2677298904609068,0.3278328049294067,-0.14343765593900296,0.1694037664162452,-0.43815014896374055,-0.27748579487173736,-0.3446024913134017,-0.1577628275568049,3
-0.2632006423564426,-0.04380957860864366,-0.12230053165636912,0.19418342342469128,0.249457994725237,0.03675814949148259,0.4057614904466099,0.21003953772070322,0.3602011450973793,0.00450460389644173,0.02824752719893044,0.11701434214833645,0.15871581279242697,0.18171812238462942,-0.07717381275858806,-0.03892689853951282,-0.2249901346285071,-0.0840227973593112,-0.0756499782920612,-0.32604858110508045,-0.03885926517772964,-0.38608625950191905,0.2698174535237598,0.22233564745595272,1
-0.058139002056659415,-0.0663419249084653,-0.23777187156138546,0.254714345269397,0.010162748263262045,0.17990525526846263,-0.44065456163571204,0.3136000352047165,0.19557327811900627,-0.14262017117069112,0.14503159906616792,-0.07739413587371527,-0.25540181324069,0.17885067155335543,-0.2651325627983549,-0.2830035107762897,-0.008144387076183063,-0.3212630451839372,-0.11188422972315308,-0.5263118155913225,-0.46714032488437496,0.26838807976047035,-0.023749749497904957,-0.07939951141676603,3
0.08934761924118612,-0.29892441292013705,-0.4073773738083932,-0.18227870653287018,0.25544093594903433,0.17110337252599472,0.2627132852796853,-0.11195225256082397,-0.13192952833750637,0.08400061387555766,0.46795132967187164,-0.4103589461551112,-0.4166262808707619,-0.12165437893885263,-0.12984551152463777,-0.39250157515249223,0.13623084717417958,0.7199498285246727,-0.1812720333933381,0.21082494065890328,0.37360478334543873,0.1828355373674426,-0.1691803307022422,0.47968702410401237,3
0.2903429197787606,-0.27133966278698085,-0.21887375676182874,0.37683700388395064,0.3456199746479325,0.5487795496972826,0.5018520094324943,-0.051477072284836514,-0.0037712257104384078,0.1367700730428596,-0.17822040797862432,-0.27453961966202867,0.036378444227340635,0.1923765007438278,-0.14280038036747217,-0.3114606814223969,0.038127133941888276,0.015684812419735517,-0.1690887989374018,0.32540884524482644,0.2615040741746288,-0.3484494178679921,0.11224264997450617,0.003585327963703474,3
-0.22658069874006906,0.1572731258651622,-0.1365275229838477,0.46036315874586275,0.36290348449442356,0.21414217960443388,-0.008046556213172807,0.30898218817871964,-0.3700288010803509,0.22005608969300067,0.13140829029670975,-0.21145554660930954,0.47508391065423783,0.3264639268832434,-0.13605360536858113,-0.539277680641628,-0.17294499706306052,0.3810160946234009,-0.17539193477915116,0.23080856296650767,-0.0233101339447904,0.1172701135218601,0.15919747974040788,-0.1986664281535423,3
-0.1824913234434448,-0.3013151115873925,-0.20645030518449695,0.1668101181995747,-0.011438796957247208,-0.4947897622887681,0.07473246980237766,0.10845074226396122,-0.052551446640187134,0.14127475702199996,-0.060137917165175456,-0.17214276302577736,0.37872670374181416,0.24081165850655312,-0.308754904255637,-0.14622339824714373,0.08543004640032877,-0.22600103407528258,-0.3967859806119229,-0.41976959938108144,0.558066646913797,0.28996733139264774,0.15126306662679018,0.06861783300619768,1
-0.44570503627086244,-0.02111147279129747,0.0885075192740472,-0.5775205069769754,-0.3059001321567749,-0.15883058769629665,-0.11789361557070692,0.24640108465273192,0.14320373041941475,-0.3651966154755256,0.18877853616052317,0.15227505590757742,-0.09084605438984855,-0.1009661962897232,-0.2176005630081086,-0.2534175044216869,0.14170958803016104,-0.0338689773497659,-0.35104552881476664,-0.5048207863944043,-0.20054465214523615,-0.4812500282631952,-0.4685670200319624,0.011075477765539452,3
0.5258770603936093,0.3941877474477779,-0.012584316024976673,-0.3596408125855729,0.05406528538594754,-0.13600567533891966,-0.22309258327726275,-0.05577532316850397,-0.0976797977865438,0.05258680857804435,-0.5596064496450539,-0.020504645249220025,0.2125730140250974,0.06219995796833819,-0.046165162891272496,-0.034638001505912425,-0.05002874624733751,-0.7119303562590273,-0.262598010587954,0.11181036866010477,-0.1729872463169018,-0.06051992848200648,-0.007958369101305408,-0.07549555006744679,0
-0.2099457126817642,-0.008556230024427826,-0.44844195011354365,0.5244099916035712,0.6150585214856387,0.17815185971130118,0.3405596805316432,-0.6114262076286955,-0.19199894965261657,0.1550785558662612,-0.42591002491833185,-0.23206625291783117,-0.1375502437971814,-0.29548680564571095,0.15505038923579614,0.08107687929918087,0.32038390053001914,0.316834763854315,0.325533197566781,0.21593034471678468,0.09018658107305619,0.33810987143652643,0.14144841907348646,-0.4051644939133965,4
0.5103451197392597,-0.16609224775691828,-0.04506118040703265,-0.3192364849038483,-0.3344358611336759,-0.19560962500984114,-0.4780571680940337,-0.17780018246572657,0.7516460684368564,-0.43884333209879595,-0.4033385208355252,0.08827094655801315,-0.0510071501533296,0.41708151990430453,0.16436250161185448,-0.13223955622075756,-0.5458494350085362,-0.47487887159884573,-0.6267333795857889,-0.3768349883464412,-0.04728574727133022,-0.04753823407934187,-0.13893617885426587,0.5519669138618355,0
-0.07031573535453806,-0.5415357636998009,-0.5387135662733074,-0.4699232267890316,-0.5130544745488549,0.22332096509696467,0.0753848031673349,0.27279238265426164,0.3404540770380986,-0.21554674835588056,0.17169717539198276,-0.13839833674300933,-0.48773327532670885,0.2575281703252698,0.04278103959183182,0.10504673132291961,-0.16170210834890036,0.008003850775489953,0.1484397093946099,0.055969042270077096,-0.2684531553749415,-0.33202862308274544,-0.20498010051453422,0.03155891087990322,3
0.30095244839626367,-0.11398275075332057,-0.0003965063888408576,0.10957703886303333,-0.5627679951074123,-0.2899000142130481,-0.0586439834829712,0.0927140236961502,-0.18668954433194238,-0.5258771174106397,0.21365126825012545,-0.07736703260738068,0.16905868298900123,-0.1183031932252288,0.19279166523768412,0.2873907594331711,-0.5629962012916397,0.003777239916190996,0.16777949514801532,-0.5211891965720682,-0.03089766140482094,0.20143670873450215,-0.131401697799991,-0.2595639820733787,2
0.2745685974605951,0.4748130607222739,0.2835539084629607,-0.18809314572177788,-0.5964577424988754,-0.5871146546943941,-0.6824741216557767,-0.056299815756431025,0.26171810853962874,-0.26400756524331315,-0.010805912850634664,-0.07251727268256705,-0.03587916983682822,0.20628245940840562,0.030321964081422407,-0.17067769764479798,-0.8780584610944505,-0.5394624316741099,-0.12278538032763169,-0.22610488348215532,0.33478904605797094,-0.07225188574829199,0.052071002784406406,0.3964610126594417,0
-0.25680561823300757,-0.14491730193270377,0.29809869649708676,0.2409121344216798,0.16436181200053987,0.03535842046530093,0.3042084344220004,0.2349951108938704,-0.035890186833108934,-0.11795594074441025,0.4151150532124235,0.01097258662595264,0.3304947915880638,0.10383630209746136,0.620325153880401,0.37582523847067784,0.7147411289710512,0.3782746254037186,0.7103124876406148,0.3500255534678065,0.18792552651228345,0.2719424308753987,-0.01741219282022925,-0.019064809145506734,4
-0.05297717246760602,-0.4883529439171789,0.16613792441906225,-0.3969116701767729,-0.13794299640711535,0.27475144360116405,0.01728768194716098,-0.009986256969021697,0.23837493536788043,-0.27635049357669994,-0.2558470068841434,-0.43287459781583093,-0.3090803899993903,-0.1367376774144059,-0.025548289683064603,0.034127538998499456,0.3542376119774674,0.12154397362095369,0.27794112514592995,0.24415440598453675,-0.643849963504156,-0.19025728295052866,-0.4713688781415475,-0.3139626967280543,3
-0.10230971116915859,0.3719533291486539,0.1345406757826952,0.12410289141229304,0.07275447708766859,-0.14869920212058726,0.27351985064527945,-0.3888143331412727,0.11353643541651176,0.32786362344457093,-0.046767596771381065,0.33890453238170926,-0.0517474259038196,0.09942713461351187,0.03214166461214933,-0.08532275563202035,-0.045272124034115103,0.8484139771745157,0.34518477932861186,-0.08643438234633688,0.434174133246736,0.20997840896989028,0.4674659437840006,-0.25983759706364423,4
-0.3053904343466067,-0.36842447462844047,-0.4894469931776995,0.20344885487496933,-0.15846791934672344,-0.5382963638298591,0.1720462349090462,-0.2957505060095998,0.17724904712194034,-0.4252199802800286,-0.20416377302750263,0.03353604798265493,-0.03326437079164069,-0.508603624085122,-0.10440673540594637,-0.0026996385123565017,-0.07754269154958414,0.3025877906158838,-0.3632725351896821,0.2567945286046007,0.22708231759542305,-0.046408770384925295,0.18514955930092886,0.1863618155327913,2
0.11837235751994855,-0.03806045053443767,0.20885833746085333,0.226328662162258,0.22975643623491723,-0.32550699925529863,-0.027324696676661955,0.231546648434312,-0.19155613405550503,0.2794537129015125,-0.08626399596609471,-0.2295044993410817,0.3037391895898469,-0.37271989377956943,0.3479126163485344,0.28233200651540624,-0.28035863616359175,0.4085888383265029,-0.16931954200937588,0.2800642725570457,-0.5756930781891213,0.13665101959342815,-0.14694510138827754,-0.4699895994246371,2
-0.3591464060425168,-0.4827477212792223,-0.04488529264410005,-0.40395785438105086,-0.036024985621374274,-0.0034244513564193326,0.19162800674164487,0.00037166023648756835,-0.09532454648317112,-0.029495505974211716,-0.540046109373209,-0.004333713543871748,-0.08622206402770036,0.12295456951652346,0.039900208997148676,-0.021060311854581727,0.18129251573426539,0.14652109467826158,-0.005274970829432741,0.003324330505884572,0.11068324228949414,-0.18135597967692194,-0.02049850442004909,-0.09765929886771987,2
-0.37779087804036626,0.4958819991258278,0.13868584818432395,-0.779311571605077,-0.23245072251823948,0.04949095065342716,-0.16851359194198545,0.10524068194602086,0.7491147280068324,-0.398927671455388,-0.25904578653915533,-0.02790670223382313,0.00358831017363121,0.007988586875791112,-0.33397467754430354,-0.1996120385869629,-0.025136700183696115,0.04108513007370326,-0.5267957539370135,-0.046456358778191674,-0.23747695720431797,0.18397089773243747,-0.3018843580985349,0.08125728985672238,1
-0.33347413237792933,-0.3077363596188476,0.07078694170706748,-0.3464609137371162,-0.43938998272670865,-0.424171499027516,0.058727849788172,-0.2195525112217537,-0.46190476756810345,-0.006228229615429869,-0.20075155965362837,-0.052490999365169606,0.27538764460545867,-0.5586833385448757,0.15283651246026636,-0.3262649345688013,-0.46044385393130943,-0.20790481138622458,-0.2134622176263574,-0.07983562294093408,-0.49281564975107023,0.3040784217072679,0.014373148744727381,-0.4404626382275406,2
0.15735638893762494,0.4900908290192242,0.14614920500551828,-0.614700701549786,-0.47492868704769386,-0.3773884844319622,0.010844844791539129,-0.04354694459534703,-0.09671688655856935,0.06133785034031273,-0.25757418434862667,-0.5869139677399963,0.016605124045941683,0.08289596898809969,0.3794120195059029,0.07639300281983047,-0.6237364109969186,-0.7620970196332834,-0.35217106802202774,-0.5296565209407614,-0.25020997269724193,-0.00411149592034276,-0.02210086629755044,-0.17991391098451076,0
0.16464754585636293,0.3140316438488396,0.14759835582751857,0.31835162205526846,-0.33420853676532386,0.47561630492857093,-0.43324316180867223,0.13808525606469985,0.1319205699145875,-0.2979627344633526,0.41245773944584363,-0.2516191802870843,-0.4010206892028621,-0.09347667592376231,0.3173566344133738,0.1352179323686383,0.17548309113953958,0.43644115796813016,0.45846724302331854,-0.33118658852156285,0.08041886671744626,-0.3978707549510266,-0.2892993383523076,-0.3729802513575047,3
-0.3885242223064645,0.2318118250594283,0.16681389663525725,-0.12139229492758638,0.04870551629936322,-0.26056914676126774,0.28675004202264115,0.004965525180084297,-0.29230985480229804,0.054842916248566416,-0.12554450989685617,-0.11744905285588383,0.1823469730339675,-0.31060897268470494,0.18274619308481987,-0.2772175794340978,0.17480298065216682,0.04013816542129237,-0.3561413916539362,0.5876389410061864,-0.06185908269427481,0.2714826102861823,-0.25815251298064257,-0.3908348255313902,2
-0.0216078197574351,-0.10566623050491653,0.2416906799745102,0.12716132401707242,-0.4185238195828823,0.2626444458099132,-0.30250209601308947,0.2340941964742815,0.07741273253415018,-0.30196833791140676,0.297875588948725,-0.33740197390290166,-0.27687573516558905,-0.11452271138134273,-0.3370267059430527,-0.27764357161454895,-0.23233646838399488,-0.2824606329181755,-0.10604768252664624,0.27158085248279645,0.09544952247531244,-0.3385440774986571,-0.39041846549517784,0.15022746749698204,3
-0.2724811336220878,0.1893768043337824,-0.04532095204974381,-0.19442079177196847,0.3282661653349229,-0.3833969080095993,0.15346028216497914,-0.40681995756425504,-0.12972413430211854,0.12701331126736137,-0.22391188241153176,-0.06350027486896548,-0.36884368308685084,0.055221376572537964,-0.07391951480161381,-0.3243711167226941,-0.09923960713349067,-0.46902338597664023,-0.04429325196762624,0.3815155104167408,0.06096818703186559,-0.12435097773709049,-0.30795934508299616,0.33366806534431587,3
0.1550576301322877,0.44288367673069806,0.17545169872617047,0.13737996781942827,0.020131591661512547,-0.17001023463747938,-0.12922280999551364,0.36022434365349465,0.6143357144150063,0.24191756439857695,0.21161557782200788,0.08025627098610114,0.010275730363348714,0.2204821017621519,-0.019122210655792584,0.011396554900996468,-0.09730880619698128,-0.01512607026886299,-0.15792779337178658,0.027904830690410158,-0.14441252548454017,0.02953093372426871,0.012841674424878416,0.1922288036561505,1
0.2714061732188715,-0.5341166336171957,-0.04260624210693344,-0.5383752696080794,0.14459471766393184,-0.11019693431497922,-0.37892001210419546,-0.47876200371938277,-0.1477042312488272,-0.5189649030362415,0.08959942771767977,-0.3492205824037074,-0.1148403220836153,-0.09441555952026794,0.10409025166499704,-0.010174826089234361,-0.4451525622443405,-0.44710405220762317,-0.13045188123850762,-0.20121711331057734,0.03717249572973827,0.1625679469136587,-0.5326777911291599,-0.13081168525650727,2
0.09377246344920692,-0.2977753317126852,-0.32236192435281397,0.12672085441213665,0.17500519183828464,0.0639652402938153,-0.2004285741960916,0.1686516351621664,-0.3973456450475253,-0.31056370995289867,0.42006929468137627,0.26703802824919115,0.1612061802185499,-0.4391985005431375,-0.4782853467380413,0.086308937927802,-0.07413928749064136,0.2853057066217201,0.032298224432398846,-0.02809411256698411,0.31735527058098223,-0.3064025493883115,0.10498504408400716,0.09390503234298668,3
0.11479557760901105,0.17908262657106697,-0.08833554229571344,0.36513766914726126,-0.28898671315723673,0.5477902712116467,0.2706099430332675,-0.2651022083429824,-0.011783061397255667,-0.4831314525165941,-0.10277021990195712,0.33431836486361327,0.12979294953384476,-0.14699923930269235,0.07720616576558824,0.2875327120131834,0.15473943143416585,-0.4525505970135943,-0.13033546357448791,-0.43284422375064513,0.23129382097666043,-0.49251878178436015,0.31868208677015997,-0.5672415702832914,2
0.6971705676059708,0.013546392997625053,0.11631252501427328,-0.46729327213615224,-0.5637750045950034,-0.592899697221938,-0.054149360065242694,0.06204963355419291,0.3079436373882532,-0.16307190417835127,-0.14592656320681474,0.02239280919094146,0.4247055277487975,-0.11435510311464962,0.007771311077337309,-0.18224835847333404,-0.6372330349613213,-0.1113285681998335,-0.13295329496666577,-0.907126871937855,-0.028966141710687177,0.18488860517988845,0.10754753048538487,0.45453608500920945,0
-0.4034744166610096,-0.3464992602888981,-0.0894827515941621,0.08601921716371226,-0.4525763881942951,0.21957597755890512,-0.09754189277072227,0.14875412234006405,-0.11196513508117907,-0.45540451817841804,-0.4658654299916137,-0.18709422425128794,0.04728021685390899,0.139393231820705,0.0734541592257762,-0.3800802792923849,-0.014511122682865838,-0.25776680842800415,-0.03327424647286414,-0.1260440706938862,-0.11836317076532614,0.030452855538561786,-0.3166004885388719,-0.34770042702790754,2
-0.061343124407190135,0.10882457297192527,-0.041799074907941276,0.003956137832893118,-0.5888479532155394,-0.37617580615376117,-0.09939776396211034,-0.16164005913239946,0.1887870811756089,0.3155851510620127,0.20067538508129676,0.3111851427195393,0.01773465249993184,0.0006767512476828962,0.38472977570098027,-0.2625446818498571,0.24459695041978813,0.1517964053516609,0.27061776220718897,-0.3461678356553893,0.5723015948952471,0.2905595576173982,0.212879249827894,0.1527675302325734,1
0.2015471842834224,0.14076354118263137,0.13457187427939782,-0.2104714316967844,-0.6401607085094132,-0.41694578957426887,0.40341997195275237,0.016982240511490738,0.3744837198786201,-0.17035002528296872,0.07883887646895352,0.08501506303812208,-0.12687541420846832,0.2553202702293362,0.03270782974315482,0.40579909498271094,-0.08153943573569691,0.21468211047847796,-0.5442929861228523,-0.4544126809824128,0.13654722421027737,-0.07115682654286636,0.05990054700657396,0.34922463832092354,1
0.2980204360131777,-0.32462112421516603,-0.3029284960405918,-0.017008246134519043,-0.2606795855290929,-0.418900483981295,-0.4763387930957444,-0.4385282845181265,-0.09490926323658974,0.15279015251991016,-0.29831605454033244,-0.17609441216219685,0.03461704287679993,-0.1528179109514113,-0.005805910435778897,-0.38795749399016627,-0.4161367279554553,0.26616645811284695,0.22399170663665116,0.36913552642163383,-0.41753823379235383,-0.10918506631107704,0.06497212216058626,-0.27113412923886,2
0.2771360284376305,-0.08124679065867237,0.30419596188462183,-0.5649690312005597,-0.005622413207223071,0.22136136365721806,0.08131037754868516,-0.03675722849397134,0.04419386466870559,0.12459041485461439,-0.42751569419547397,-0.4726905592489518,-0.08662133154531325,0.2719752201914118,0.01630559286142334,-0.35244366025570384,-0.5282304559477935,0.19897995049716,0.23810579081645417,-0.5319575961515443,0.2961877170390229,0.25756490990501635,0.18344970575730543,-0.0403475933084362,1
0.05825190844775522,0.1585601930605933,-0.06982986370989665,0.5917289794627979,0.34847555059251833,0.3790522687592174,0.3262135268854592,-0.08176327283596228,0.2950617277188564,0.03681339734935647,0.10966678046789857,0.11166100484402032,0.20417531998722513,-0.0666472159167035,0.14609497873931954,0.1953919004945058,0.3171156087860417,0.41877526756676386,0.5640046942783483,0.805658524002698,0.38431365751828983,0.4764097243645928,0.5602699139455878,-0.1362842834963153,4
-0.15445178099078233,-0.5108604739044778,-0.1197239322799803,-0.4425971026729664,-0.4446837244125039,-0.044545363305890304,0.12285227594338258,0.07610083607739612,-0.2828212794782603,-0.11043422248426778,0.12850799610339583,-0.06525665821942139,0.43553804249826034,0.11572132729745979,0.282345455977373,-0.16420570053910752,-0.0892407448535681,-0.40201226807555035,-0.39654107753388496,-0.2413972028350706,0.288448860362157,-0.3204784878857819,0.05194630996777885,-0.26517434095899073,2
0.0871254955387792,-0.15380146980692883,0.25379771150892927,-0.15392332325108168,0.05790353289351026,0.007992721196951246,0.2644899364912509,-0.02900622245241777,-0.5168636616732956,-0.0371339426919302,-0.0840793368525742,0.07026026698859625,0.22411956051037518,0.02569172748564624,0.22121178663898705,-0.006855149038902712,0.4992640560164225,0.10955373250738032,0.12635654725934883,0.1335415165650656,0.4437777885660038,-0.1458912635751198,-0.06892067402305534,-0.48238824984264017,2
-0.44100018970308424,-0.2712975409646724,0.19664977273703435,0.8990549620687213,0.5946275105158092,0.25163915728797975,-0.3342474647597825,-0.17121717540158946,-0.5763760710573262,0.051092008064989286,-0.08719655080693459,0.3341361231605289,0.23280581903761124,-0.14680586170343407,0.21310548612070637,-0.2999622812437092,0.5951707939747527,0.013367591930274592,0.20564230780285384,0.44912164573400704,-0.3354996143849597,0.2508532317038755,0.25621927663976457,0.025810237619523974,4
0.4503672547498805,0.42948409459716647,-0.07594300900481396,-1.0079344169652993,-0.48348404897435904,-0.5224992084342924,-0.5898437384713011,0.1658260426187162,0.5860867903506,-0.36222372708885153,0.3862364741018105,-0.09870081970481175,-0.07029345737381693,0.6995640443891257,0.22093282330278216,-0.1197967415821225,-0.37863870078155265,-0.7994000415548097,0.005123039670868287,-0.5597574355987839,0.43673025018903794,0.01357934960884365,-0.026933464268328548,0.2558690994570376,0
-0.04506242470131892,-0.002694869889927244,0.07847239406032286,-0.1530811386763089,-0.3032461311255619,-0.33696201970291934,-0.5315672732359709,-0.021135257331276552,0.048069056793885886,0.3163933935554434,-0.2498128926746253,-0.0507112376110498,0.3209687832495262,0.05403724334549491,0.2282243210065,-0.11448484821790646,-0.19216334034514423,-0.21887377059306273,-0.3380704554999397,-0.0015268206999035383,0.38929580328472646,0.11805624283837689,0.2887936519983512,0.08702548325671973,1
-0.03247347960862463,-0.21657632893805256,-0.10022032924537044,0.05484625878582959,-0.19421700724430185,0.14978565332270996,0.11792056951698923,-0.2314534293230848,0.1632438489986116,0.07290878964145488,0.3098546758456358,0.003398522748659889,0.009677686240427448,-0.2027470553166776,0.3258813941330652,-0.03763047652599113,-0.0966916446967044,-0.6900066288843286,-0.04500187778607271,-0.023961703435938893,0.3149120917194588,0.38561771184084165,0.13671248044168943,0.39843108491943524,1
0.33084221843776,0.14186639153053632,0.004567026800025288,-0.07733266719238346,0.01980757003952104,0.0694794036919929,-0.05169647611745841,0.07588049104780659,0.21185855694449393,0.2675274419140253,0.30476722377713616,-0.034556589382031544,0.16772819833491015,0.22266256443522772,0.39312314826049954,-0.04455529656449072,0.1469616537656425,0.270513412811993,0.46211340026522507,0.3439383243414909,0.22613205886083615,0.2654441199044336,0.229174519066793,0.30404003292362897,1
-0.5326199501714328,0.062116490407335814,0.12761780321237726,0.009494485570278367,-0.24252891664790097,0.09404414919181824,0.31550643845626214,-0.23111272623729587,-0.3622631153575356,-0.5391692416627931,-0.26873143547612005,-0.17773016976828598,-0.46831314327547185,0.062886562939088,0.127560998163024,0.08451123885574158,-0.37775407919945986,-0.03443367184456207,0.1808288097166736,-0.18249917281979397,-0.18195741637936394,0.10609665932698661,0.019544746164602986,-0.28869468437412277,2
-0.07320771310116421,0.06381909764727191,0.3313799065593052,0.33868894605062294,-0.03245138741753515,-0.279726121488884,0.07020259083691281,-0.059596738329768806,0.3525741656161108,0.2882863239408768,0.4799793568920031,0.007617180444857744,0.2767339039708381,0.305248191713004,-0.19278726804528737,-0.016826697184187996,-0.4232703700369827,0.29834174278860426,-0.30357385678530674,-0.3090355463046337,0.38724372706125865,-0.02240189514208178,0.20330874292911527,0.31496289610234685,1
0.29709310699190045,0.1886816222409017,0.28865313521623814,0.11874886863692678,0.2915295703437194,0.23251313607949772,0.022981921826215848,-0.2933763957688257,-0.03785517098142816,-0.12127326085602812,-0.2929890447415325,0.185065760633614,0.14244654057846448,-0.14148577841512533,-0.3226253129733834,0.1627083273709959,-0.19816369310589288,0.1897851015586163,-0.16444363904982942,-0.431788704123389,0.11056843713867734,-0.09218977907711186,0.10722279052639169,-0.11116468659886256,1
0.07133354242580588,-0.3224051146499447,-0.004054495580577971,-0.5682207966628728,-0.47586930638002256,0.22075043209154951,-0.19012393700102553,0.393555925557011,0.1541771239297261,-0.42338731894142384,-0.3248807351325465,0.22481334270610337,0.015905564120925447,0.46632087455664967,0.37295125755388037,0.20883330042140735,-0.4849324246927444,0.1092971799064513,-0.4256779389061603,-0.41881553691293494,0.3235858610016024,0.18493211144163874,-0.02544772890686702,-0.17552150734185748,1
0.28266836419157454,0.5100473770853341,-0.0639081179127656,-0.48477150477317443,-0.08839137819610539,-0.3887314169613472,0.4487291049213227,0.14927367886647155,0.3049274963755456,-0.21798194481548133,-0.4246111440598723,0.1939520355168944,-0.15665728413510568,-0.05894674867971776,0.08462760109859992,0.20735538281994897,0.037193744281486966,-0.46183340497887604,-0.19696433677660402,-0.5410416045793225,-0.12211135982168855,0.04566699004250801,-0.08797745977446872,0.4983589677222372,0
-0.41600417968325426,-0.5929354602256238,-0.3551249431256033,-0.5768321111248583,-0.2478266066910044,-0.3448264243554879,-0.06746324231568336,-0.33025010744402594,-0.22098971502940895,-0.370110874088978,-0.1393502489286845,-0.15119857959098826,0.11269931475117059,0.41209630161829286,0.09882878467790723,0.24363081046427915,-0.47049270324436615,-0.14155836077831488,-0.2024200735958213,-0.25289712348339594,-0.3606921595544887,0.16791686352324783,0.15392825694663467,-0.3967853717051611,2
-0.24180090010627792,0.2311225859920724,0.30698481455368754,-0.3030649806888371,-0.4318652491149483,0.14615286243171058,-0.390759699347397,0.18781849116359536,0.32396010585053103,-0.07410868211621532,0.054952710563852376,0.33353242330674,0.16333711534414844,0.1245612194360909,0.052685114266373616,0.15566958845316112,0.17218994494967438,-0.2928075847444095,-0.2867806988845944,0.030794942289319796,-0.01151107897210281,0.2734666636146212,0.014808381481179288,0.06096106222764013,1
0.5901620556655995,-0.5450258915415043,0.31427926392514677,-0.6639395310838551,-0.23036041985712316,-0.3410852034091557,-0.006607117985436065,-0.11280922927343043,0.01632502142231009,0.021926775217297995,0.5874245282492041,0.4267974132528958,-0.006661304967998074,0.7796406147428823,-0.5976714030217741,-0.44019871847562736,-0.7300488563652023,-0.7312028732417564,-0.3464299265536386,-0.7314139568068332,0.06763238063068346,-0.013645451419785404,0.23380811234664353,0.6334453662609647,0
0.0636397552577658,-0.29523243881757605,0.32268328023934045,-0.11392168748349323,-0.10061909725456558,0.10964706989474896,-0.18564304648066807,0.007041745096586246,0.15694118081534952,0.24311925410770246,-0.19818482748576421,0.282083140080975,0.17751515379630586,0.11941158686846301,-0.12921929223994041,-0.27576461387643786,0.42442313086399985,0.6369134367103899,0.11459532734250967,-0.13692282718380122,0.1880384326102091,0.047057632475931525,-0.09751390533495025,0.08657767120716978,1
0.1711492770752084,-0.24264622497079302,-0.02892076626363116,-0.282864584135797,0.15700243422501262,0.28550650186896886,0.17919766852965405,-0.27883299258511335,-0.003440545370674056,-0.10148898512102705,0.3129875294574568,0.2868292156783591,-0.30014376561486483,0.10725420237049992,0.06925285884585737,0.3463242472699933,-0.0011638738629113714,-0.0487412788111225,-0.10110647624156494,-0.19809351401573766,-0.5297569497689083,0.44754266985210034,0.23422672469053005,0.15446845107693838,1
-0.3898540751805084,0.14524835340987446,0.09837778776543918,-0.297806565404015,-0.5867317428839629,0.13974578039577853,0.05799276996593599,0.10883660590197507,0.01956565165484421,0.044897992557843644,-0.03824738167679773,0.12123700833435842,0.1238533449405734,-0.14525775981614522,0.04943966655662664,0.29363708332228383,-0.056350235798100515,-0.48963969247740413,-0.3439470415867764,-0.014622976286144796,-0.044691726444552285,0.16232402917194558,0.17609541610725163,0.048815982105169436,1
0.25978739321725325,0.14079970363438732,0.052399895911300134,0.2760429711822222,-0.1414508853234096,0.636880908839157,0.15718115992506734,0.191283571360517,-0.39332774245193963,0.0740690639118433,-0.01159533296647599,0.04231393022606383,0.07890744500883153,-0.2000947610500412,0.05576247708205164,0.24180466763348024,0.3900300355762238,0.602206844838834,0.33447339487906114,0.584720369361204,0.45385127897075567,0.12024214140309411,0.09668227889733065,-0.18911625173906357,4
-0.34929760584317365,0.15572445185036735,0.088500091740019,0.21142396681155107,0.3118926601285084,0.24424634527683003,0.11868167345702277,-0.10500208827664564,-0.25791169791013113,-0.2604239004670101,0.2636007920918567,0.34321602718664906,0.09682371277327267,0.3093816802718972,-0.30940350118214927,0.2050018296885803,0.3776971072419933,-0.24710276086779398,-0.2603267361102423,-0.2518643190484098,-0.1292951060972215,0.04781583498069676,0.1438232157379615,0.1427848786586457,1
-0.26066088904886153,0.44851365545785205,0.14018149976827315,0.3431023407537178,-0.3682727427206698,-0.3525962682623124,-0.1308544511101515,-0.3621018507838094,-0.07043921034644146,-0.028520350269529662,0.07232628646156344,0.252765307185694,-0.16837993900071016,0.19979550023258202,-0.07467687775539113,0.3866852292118288,-0.49493213228746874,-0.6599554214931539,-0.3668903340629612,-0.5967481650913605,0.354899861552311,-0.23384605894914637,-0.07464209353406222,-0.14817087431179188,0
0.13538854283693733,-0.4456142048726545,-0.3208553970294361,0.13453740987890395,-0.24996135686350623,0.13283579502785528,0.11097810364536867,0.20888760369784937,-0.23619340083056373,-0.3291004816571658,-0.3501428005596142,0.16015924774172724,-0.016782109749350703,0.14768485212155447,-0.38360829915052225,-0.09711354198509546,-0.05145059353017155,-0.23210126852602084,-0.5045466532321337,0.2880111832729565,-0.15899962432347606,-0.17806292789220568,-0.1038500310018756,0.3225134259937946,3
0.12128377102691816,-0.5170151952315003,-0.4687789963536339,-0.36972161614437465,0.3256593232988151,0.020059959671605364,0.14158579330538465,-0.23986230118785962,0.09669121812520234,-0.1454023958929851,-0.10341131179069134,0.12658283675056173,-0.1479735817281607,0.22289769559965528,-0.013558483968292274,-0.37449290966217524,-0.458980938228452,0.3207301212096026,0.043494029081700955,-0.1584161123319955,-0.48441042670067286,0.0944863819237983,0.114125141709603,0.3613385220096394,3
-0.5466461829507043,-0.27124816437521415,0.10643690599250659,0.5454061672499251,0.5601194434556058,0.40655777066612,-0.08833582124705844,-0.01269353774073678,0.15242817101704365,0.12736980473756454,0.24424305785873693,-0.145286386336498,-0.324161466445081,0.15252295072906188,0.3817768428737109,-0.24320113912562144,0.4433469497089908,0.046610283516455395,0.08678845113002438,0.5854433682675246,0.20396088063751433,0.17891763196350113,-0.26890043838907546,0.2770855351555111,3
0.0370719769277294,0.058579596918570974,0.05540453776405186,-0.37085582499200376,0.47237538310199567,-0.26588170374751463,-0.36870438689734647,0.09684994857862304,-0.3462075934700983,0.2010582604991321,0.422586458265232,-0.2405298535989019,0.15018182641435168,0.06652980870459654,-0.08520307579449177,0.16993975182233964,0.30050884000337574,-0.07248940775190725,-0.03659425293394763,-0.03775381847887232,-0.5482508328731314,-0.49767363763636246,0.005993628318067828,0.051686317469424675,3
0.32329086472899443,-0.09258269919491306,-0.12394526001028941,-0.3795898819707969,-0.12014612567174772,-0.10187518916135702,-0.00013963759642353834,-0.47980229689966497,0.41964970560448706,-0.18151783148768508,-0.016580296021112183,0.3321163018047087,0.3375453801406834,-0.38456157719293316,0.21555037546716285,0.09830634933706847,-0.08267667490317333,-0.26288161050830416,0.056184647008840016,-0.2970687781968016,0.1984876739457875,-0.13543945116274933,-0.022852101915349986,0.1594632020913136,0
0.20748573906518233,0.031326787199929346,0.20869589686339368,-0.08585219353183075,-0.31318917788178385,0.08729058394311348,0.0504213509583656,0.2227317182642127,0.4423830808856197,0.33567913232776786,0.2845136895344133,-0.13964185995436615,-0.10866666308818836,0.37091271050016883,0.05166785686748723,0.08096716888030672,-0.5646672411531619,-0.10552463502157143,-0.35176399170394357,0.008125051157309765,0.14028675306823707,0.21438051309384373,0.14158435921324455,0.5687678219864828,1
0.5939801561289434,0.0015883327804929708,-0.11838235377716341,-0.4487145110330898,-0.5939082913711214,0.17728817760403157,0.2386759484055617,0.360202150194353,0.5071651799034729,-0.0728715231521528,0.3817589374703847,-0.12257643863269738,0.37670736991015197,0.3669443754662416,0.5070973391567318,-0.12835977252240943,-0.37499790442621705,0.07895411064254648,-0.29543773956963787,-0.002550002278954936,-0.06470919948780574,0.12321405647513962,0.2949440762211848,0.13458210743354018,1
-0.3328961944577908,-0.13091374466895958,-0.18058229278091786,0.013730913394167312,0.22464519490291718,0.14266367500892013,0.049386122980957306,0.06605321433998156,-0.1352074786023803,-0.47436635705878594,0.12359891421585069,0.20248375977857255,-0.3329824875616702,-0.3804039095663258,0.13204689069973605,0.3789031701423698,0.05684068650391444,-0.08912108851469966,0.28576136892916065,0.4298538464973091,0.17057491776264994,0.20120689902276065,0.1914170534751881,-0.38282527885890877,2
0.35432522539393685,0.15780323134035942,0.14482387274965022,0.05570141058729974,0.075356864043953,-0.3112389070732019,-0.2648387810534673,-0.27547325410185675,-0.03468838689787811,-0.12492540445858914,-0.11034239719766915,0.14607995186302467,-0.04962782706809717,-0.2315188341691977,-0.01797777492365311,0.4293868879233181,-0.426868427536733,-0.33343254638985914,-0.053454145833819175,-0.31567771331253297,0.4434465787996065,0.039985691396086424,-0.05435531964954389,-0.12934132155885933,0
-0.18343225110498348,0.20451227050360116,-0.34853910390523973,0.1180667738275634,0.09452564322732736,0.0596851784489943,0.26816105353174735,-0.40827521019520385,-0.14607799909445573,-0.46334733218003216,-0.4565695714935972,-0.10431706827701531,-0.06386967843919472,-0.3265906763475066,0.19323402716560426,-0.5045121313326343,-0.39819846682468385,-0.27600861465984894,0.09112179203267776,0.3197891258555743,-0.529823791898805,-0.3519596476649025,0.0760792161012404,0.24235706923359893,2
0.2388869700891336,-0.047067842758008224,0.2692606064794658,-0.37023076337885774,-0.36567722193972557,-0.12100368793295345,0.6229360640253948,0.5334108945011983,0.301042532573534,-0.36792579737713765,0.19211943381009725,0.4777419191640253,0.06610204840333851,0.19594715613262076,-0.11944524049676572,0.1447393502716127,-0.12284852863725935,0.3214516075053621,-0.5451397016631283,-0.22965592984042715,0.4720936133951024,0.5102804333824358,0.44879010734353314,0.4249828424811115,1
-0.17931946649731734,0.23381365359404274,0.26351835980616156,-0.6785676980045883,0.17750900701430075,0.09060699647441176,-0.09096166137658782,0.49543677885885823,-0.08969860571942848,0.029794581308175312,-0.0036628301173724565,0.2612076409805092,-0.0470206214310397,0.3907874615836856,0.45224420834643664,-0.1659775374622582,-0.059638889589307346,0.3339726562479603,0.07771693844612394,0.0863158607376913,-0.27045050873552046,0.31393970367330926,-0.13572564961604605,0.21659207490346238,1
0.31693503756090136,0.32176399077583634,-0.43585584148727397,0.4965395905349659,0.44421117596084236,0.20565990331352801,-0.11082573632073067,0.05946661842227669,0.16744878814679967,0.31826314088845375,-0.13313039436264046,0.059362383911746364,0.039914075958994696,-0.3497186873043659,-0.29156995065083346,0.16258394098022175,-0.2823679181714006,-0.05856043416167015,0.1395661756061311,0.07592247221457644,-0.5163492116444007,-0.04065619306666411,-0.0767306962876434,0.32815744527697693,3
0.5213936915172575,0.38659318344004817,0.004553384516642229,0.04497342071867274,-0.745218624227963,-0.6258899781650321,-0.013968431549968442,-0.14333712392404588,0.20761566086513952,-0.07037411250790894,0.15110268847843558,0.1900791300306661,0.16916491658445973,0.31852292201450855,-0.006298075729813514,0.27404842366593113,-0.6755799337400225,-0.4419685779172419,-0.5398541487408959,-0.7224302469248278,0.06416491375564554,-0.07089339678640252,0.27046708117676727,0.43987108058890295,0
-0.02670121624929292,-0.31386107247615747,0.07120517868938694,0.049335791286289746,0.09658976495916753,-0.2514077850676425,0.18614162858510158,0.0531570522334861,-0.47685060256230755,0.21629394024771068,-0.08519219067762644,0.41744019976436736,-0.4825392003796264,-0.17178939294423592,0.39683705084859816,-0.043947451208782726,0.051996988334578234,-0.4008414510948475,0.30353355142476285,0.24851321098593648,0.2817576369660215,-0.13821199573162093,-0.2929893677707656,0.0316857765484766,2
-0.24735254709346313,-0.31640002914228105,-0.1344146448202569,0.37695729039099407,-0.1924689381823876,0.5632177666681595,-0.04452628328447072,-0.21106733960888666,-0.026733422821137522,-0.28483457714162,0.5408633538230617,-0.18475385491976648,-0.35667713022386904,0.2377724474970955,-0.01845152004282814,-0.5241864312678036,0.428979678794076,0.04681675607528535,0.3594546266338775,0.1530421205646374,-0.07175581680033707,-0.32227680435614164,0.1981431457535911,0.07321110088460073,3
-0.028949678346599134,0.3658937354006968,0.3769399426220635,-0.4394617007916503,-0.48814529193304596,0.0779915917283356,0.23895443759045593,0.07714849580080783,0.26145293771013156,-0.2566089224933026,0.003241509616676728,0.16817370969889242,-0.060600063107548154,0.16226232502800775,-0.1519260191345419,0.02698843509718781,0.160036339116528,-0.46046133365483605,-0.047585462900057426,-0.25192208888182316,-0.25588587271850755,0.08821042747695836,-0.09914409329604318,0.33149110845998675,1
-0.1853514999257633,0.04314304277974674,0.30165709079188496,0.03412186566240492,0.40726537148650993,0.03867096079555317,0.34398668815403766,0.17616448291871156,0.11912607068327752,0.08888496578340994,0.41195927212259353,-0.13666420610494528,-0.0043910058327222435,0.17041331713740956,0.06862529898952903,0.18165204098023752,0.3567336287448815,0.0004603750017886908,-0.41627068887894453,0.14854833345280433,-0.053904927464611146,0.12737990687621842,-0.07089863957939067,-0.24729594151188322,1
-0.4059420447613687,0.3148240325116086,0.08222338432010745,0.5939276043439953,0.4451275378345272,0.3911508873128212,0.29422007620636315,0.32301610656724444,-0.2038159893354391,-0.07272703551676411,0.057036149603611794,0.49325801224317867,0.16652792625597918,-0.08706351780576407,-0.42820571913852573,0.4064560080051944,-0.03752053335422008,0.29492215921465087,0.6571245923284665,0.5743074901127418,0.06667435686061753,0.06618787810053842,-0.411846980726886,0.2366709900212761,4
0.12460284576100399,-0.4374841682532225,-0.3594676446281261,0.16994880199740678,-0.15070282697380505,-0.01259028777897403,-0.07204957692030345,-0.05045507734600634,0.17676312239650036,-0.5126955996564969,0.08766293203758849,0.1602458711253158,0.09451969264567966,-0.5756741277597617,-0.023848400083727662,-0.1338827690446288,0.07592072846321098,-0.10969490854226084,-0.5310923074310298,-0.6369648152793196,-0.43401006231588857,0.2531192393479133,-0.3395403684424967,-0.30176386359632235,2
-0.13086346967064738,0.07075223777249286,0.24787473214102101,-0.2149304073256937,0.06435088909579621,0.23242248402817353,-0.2259861726661051,0.14459085607291028,-0.032666532744589964,-0.21869349542293728,0.35448038780247204,0.05043733371356072,-0.024296902377301085,0.35752556950895364,0.06157336270207653,0.3583644269854576,0.2236058036812854,-0.5418075370180697,-0.3073382716745953,0.016308460741297746,-0.2693267760602892,0.06160889493770499,-0.7624248518356663,-0.3549311842795271,3
